Frame Number,Moving Density,Queue Density1,0,0
2,1,258
3,21,266
4,0,284
5,7,314
6,36,314
7,2,316
8,12,337
9,39,335
10,12,325
11,15,328
12,28,338
13,9,353
14,14,352
15,4,351
16,30,348
17,47,355
18,0,353
19,38,340
20,32,333
21,0,332
22,53,325
23,65,335
24,0,348
25,92,352
26,99,354
27,0,357
28,91,359
29,70,370
30,0,379
31,44,378
32,41,376
33,0,380
34,40,377
35,37,372
36,0,377
37,34,382
38,30,379
39,0,372
40,26,382
41,32,384
42,0,377
43,28,377
44,30,361
45,0,368
46,28,354
47,19,376
48,0,373
49,8,359
50,7,368
51,0,357
52,0,354
53,0,360
54,0,366
55,0,354
56,0,356
57,0,357
58,0,360
59,0,363
60,0,359
61,0,357
62,0,362
63,0,370
64,0,379
65,0,373
66,0,379
67,0,379
68,0,373
69,0,375
70,0,352
71,0,349
72,0,353
73,0,356
74,0,351
75,0,359
76,0,356
77,0,360
78,0,356
79,0,351
80,0,356
81,0,363
82,3,365
83,2,368
84,0,378
85,16,377
86,2,384
87,1,395
88,34,407
89,36,414
90,0,415
91,25,423
92,24,421
93,0,419
94,18,419
95,35,419
96,0,432
97,29,421
98,40,414
99,0,419
100,39,413
101,39,427
102,0,425
103,38,426
104,40,431
105,0,419
106,18,421
107,35,442
108,0,452
109,36,461
110,41,468
111,0,476
112,49,485
113,46,488
114,3,483
115,53,492
116,65,503
117,0,515
118,58,518
119,63,512
120,0,490
121,56,491
122,52,495
123,0,501
124,55,505
125,35,497
126,0,503
127,12,493
128,11,490
129,0,501
130,9,483
131,0,490
132,0,492
133,0,473
134,0,480
135,0,473
136,0,476
137,0,477
138,0,466
139,0,471
140,0,458
141,0,487
142,4,470
143,0,475
144,0,467
145,0,464
146,0,462
147,0,466
148,0,453
149,0,456
150,0,461
151,0,461
152,0,459
153,0,466
154,0,446
155,0,442
156,0,438
157,0,435
158,0,433
159,0,435
160,0,438
161,0,433
162,0,448
163,0,437
164,0,431
165,0,437
166,0,435
167,0,433
168,0,437
169,0,438
170,0,432
171,0,437
172,0,424
173,0,439
174,0,430
175,0,423
176,0,431
177,0,443
178,0,439
179,0,434
180,0,434
181,0,433
182,0,439
183,0,434
184,0,428
185,0,433
186,0,431
187,0,443
188,0,445
189,0,443
190,0,431
191,0,427
192,0,425
193,0,426
194,0,426
195,0,425
196,0,430
197,0,426
198,0,427
199,0,430
200,0,429
201,0,428
202,0,434
203,0,434
204,0,439
205,0,437
206,0,437
207,0,433
208,0,429
209,0,433
210,0,433
211,0,435
212,0,435
213,0,435
214,0,435
215,0,435
216,0,431
217,0,429
218,0,428
219,0,434
220,0,440
221,0,443
222,0,442
223,0,436
224,0,435
225,0,437
226,0,442
227,0,447
228,0,449
229,0,444
230,0,450
231,0,446
232,0,442
233,0,443
234,0,443
235,0,440
236,0,438
237,0,440
238,0,438
239,0,433
240,0,431
241,0,431
242,0,428
243,0,430
244,0,429
245,0,422
246,0,419
247,0,433
248,0,427
249,0,425
250,0,432
251,0,427
252,0,427
253,0,425
254,0,428
255,0,429
256,0,429
257,0,430
258,0,429
259,0,431
260,0,429
261,0,430
262,0,434
263,0,431
264,0,428
265,0,427
266,0,428
267,0,428
268,0,429
269,0,426
270,0,411
271,0,413
272,0,412
273,0,413
274,0,407
275,0,412
276,0,415
277,0,415
278,0,413
279,0,415
280,0,416
281,0,419
282,0,422
283,0,424
284,0,423
285,0,424
286,0,424
287,0,418
288,0,416
289,0,416
290,0,420
291,0,420
292,0,418
293,0,418
294,0,419
295,0,422
296,0,419
297,0,422
298,0,423
299,0,420
300,0,421
301,0,420
302,0,419
303,0,417
304,0,418
305,0,423
306,0,420
307,0,423
308,0,423
309,0,424
310,0,428
311,0,435
312,0,437
313,0,432
314,0,435
315,0,436
316,0,437
317,0,437
318,0,439
319,0,437
320,0,411
321,0,411
322,0,410
323,0,409
324,0,416
325,0,414
326,0,419
327,0,420
328,0,421
329,0,419
330,0,415
331,0,414
332,0,415
333,0,415
334,0,418
335,0,420
336,0,422
337,0,420
338,0,420
339,0,418
340,0,417
341,7,425
342,0,430
343,18,432
344,22,432
345,0,438
346,30,447
347,32,451
348,0,453
349,27,451
350,31,452
351,0,456
352,28,451
353,23,451
354,0,448
355,24,451
356,12,450
357,0,448
358,4,449
359,0,448
360,0,455
361,4,454
362,0,455
363,0,452
364,0,454
365,0,451
366,0,451
367,0,451
368,0,451
369,0,442
370,0,445
371,0,454
372,0,453
373,0,456
374,0,454
375,0,458
376,0,456
377,0,454
378,0,455
379,0,451
380,0,447
381,0,448
382,0,447
383,0,450
384,0,450
385,0,444
386,0,445
387,0,450
388,7,451
389,22,460
390,0,458
391,23,468
392,22,463
393,0,473
394,28,482
395,29,477
396,0,482
397,33,475
398,37,487
399,0,486
400,32,482
401,37,490
402,0,494
403,31,487
404,34,496
405,0,489
406,35,500
407,26,504
408,0,512
409,31,517
410,24,520
411,0,530
412,21,528
413,30,544
414,0,563
415,41,576
416,49,584
417,0,584
418,52,596
419,57,593
420,0,579
421,66,598
422,72,612
423,0,619
424,82,630
425,84,639
426,0,646
427,94,659
428,99,664
429,0,654
430,92,654
431,93,681
432,0,685
433,67,680
434,49,699
435,0,706
436,16,718
437,9,725
438,0,717
439,0,720
440,10,728
441,0,733
442,3,734
443,0,722
444,0,730
445,4,720
446,0,720
447,0,715
448,0,737
449,0,730
450,0,737
451,0,744
452,0,750
453,0,748
454,0,763
455,0,754
456,0,747
457,0,756
458,0,753
459,0,756
460,0,755
461,0,766
462,0,760
463,0,764
464,0,738
465,0,742
466,0,758
467,0,762
468,0,755
469,0,757
470,0,761
471,0,762
472,0,760
473,0,738
474,0,751
475,0,760
476,0,755
477,0,746
478,0,746
479,0,743
480,0,743
481,0,757
482,0,747
483,0,743
484,0,737
485,0,741
486,0,742
487,0,741
488,0,743
489,0,740
490,0,732
491,0,730
492,0,729
493,0,725
494,0,736
495,0,729
496,0,732
497,0,732
498,0,732
499,6,735
500,2,757
501,0,762
502,0,773
503,0,793
504,0,798
505,30,807
506,31,814
507,0,824
508,42,831
509,55,854
510,0,848
511,56,864
512,76,878
513,0,877
514,61,870
515,51,876
516,0,894
517,41,907
518,25,918
519,0,917
520,20,941
521,36,969
522,0,972
523,9,989
524,0,990
525,0,1004
526,5,999
527,1,986
528,0,998
529,0,1003
530,1,1018
531,0,1019
532,1,1023
533,0,1016
534,0,1019
535,0,1018
536,0,1007
537,0,1017
538,0,1012
539,0,1021
540,0,1008
541,0,1004
542,0,1011
543,0,1024
544,0,1021
545,0,1021
546,0,1013
547,0,1025
548,0,1020
549,0,1008
550,0,1013
551,0,996
552,0,1001
553,0,992
554,0,997
555,0,985
556,0,987
557,0,986
558,0,977
559,0,977
560,0,972
561,0,973
562,0,968
563,0,979
564,0,960
565,0,958
566,0,955
567,0,954
568,0,946
569,0,962
570,0,974
571,0,980
572,0,979
573,0,975
574,0,989
575,2,1002
576,0,1001
577,0,1010
578,1,1031
579,0,1041
580,0,1047
581,0,1061
582,0,1057
583,0,1065
584,0,1068
585,0,1079
586,2,1084
587,0,1094
588,0,1093
589,3,1113
590,0,1122
591,0,1127
592,0,1132
593,0,1170
594,0,1187
595,0,1211
596,0,1236
597,0,1242
598,0,1265
599,0,1287
600,0,1313
601,0,1314
602,0,1328
603,0,1326
604,0,1344
605,0,1347
606,0,1360
607,6,1378
608,0,1392
609,0,1406
610,0,1408
611,0,1418
612,0,1417
613,0,1421
614,0,1414
615,0,1415
616,0,1421
617,0,1415
618,0,1414
619,0,1421
620,0,1439
621,0,1448
622,0,1435
623,0,1442
624,0,1444
625,0,1441
626,0,1449
627,0,1447
628,0,1452
629,0,1447
630,0,1445
631,0,1461
632,0,1477
633,0,1473
634,0,1466
635,0,1473
636,0,1480
637,0,1486
638,0,1486
639,0,1492
640,0,1482
641,0,1490
642,0,1491
643,0,1480
644,0,1491
645,0,1503
646,0,1492
647,0,1508
648,0,1520
649,0,1508
650,0,1533
651,0,1527
652,0,1518
653,0,1525
654,0,1522
655,0,1530
656,0,1521
657,0,1535
658,0,1528
659,0,1528
660,0,1530
661,0,1531
662,0,1531
663,0,1524
664,0,1525
665,0,1535
666,0,1534
667,0,1530
668,0,1537
669,0,1534
670,0,1542
671,0,1527
672,0,1534
673,0,1537
674,0,1545
675,0,1543
676,0,1537
677,0,1544
678,0,1553
679,0,1554
680,0,1542
681,0,1543
682,0,1566
683,0,1549
684,0,1545
685,0,1545
686,0,1544
687,0,1539
688,0,1540
689,0,1546
690,0,1544
691,0,1544
692,0,1551
693,0,1543
694,0,1544
695,0,1552
696,0,1557
697,0,1556
698,0,1551
699,0,1543
700,0,1554
701,0,1561
702,0,1560
703,0,1553
704,0,1555
705,0,1548
706,0,1550
707,0,1550
708,0,1558
709,0,1565
710,0,1566
711,0,1570
712,0,1569
713,0,1564
714,0,1553
715,0,1538
716,0,1541
717,0,1544
718,0,1538
719,0,1535
720,0,1532
721,0,1527
722,0,1535
723,0,1535
724,0,1532
725,0,1532
726,0,1536
727,0,1541
728,0,1535
729,0,1525
730,0,1532
731,0,1541
732,0,1546
733,0,1543
734,0,1545
735,0,1542
736,0,1538
737,0,1540
738,0,1543
739,0,1543
740,0,1534
741,0,1538
742,0,1539
743,0,1541
744,0,1537
745,0,1554
746,0,1554
747,0,1556
748,0,1560
749,0,1555
750,0,1555
751,0,1539
752,0,1541
753,0,1544
754,0,1547
755,0,1548
756,0,1553
757,0,1549
758,0,1552
759,0,1551
760,0,1554
761,0,1553
762,0,1553
763,0,1549
764,0,1547
765,0,1547
766,0,1551
767,0,1550
768,0,1551
769,0,1552
770,0,1550
771,0,1550
772,0,1556
773,0,1557
774,0,1564
775,0,1561
776,0,1559
777,0,1559
778,0,1560
779,0,1561
780,0,1561
781,0,1559
782,0,1559
783,0,1554
784,0,1551
785,0,1553
786,0,1557
787,0,1559
788,0,1553
789,0,1554
790,0,1552
791,0,1555
792,0,1550
793,0,1547
794,0,1552
795,0,1540
796,0,1538
797,0,1544
798,0,1542
799,0,1547
800,0,1532
801,0,1525
802,0,1530
803,0,1518
804,0,1525
805,0,1514
806,0,1513
807,0,1517
808,0,1520
809,0,1523
810,0,1522
811,0,1520
812,0,1515
813,0,1526
814,0,1536
815,0,1536
816,0,1540
817,0,1544
818,0,1558
819,0,1555
820,0,1557
821,0,1554
822,0,1552
823,0,1562
824,0,1569
825,0,1578
826,0,1578
827,0,1584
828,0,1587
829,0,1589
830,0,1593
831,0,1588
832,0,1594
833,0,1599
834,0,1601
835,0,1600
836,0,1598
837,0,1601
838,0,1604
839,0,1607
840,0,1611
841,0,1607
842,0,1605
843,0,1606
844,0,1609
845,0,1613
846,0,1615
847,0,1620
848,0,1623
849,0,1622
850,0,1620
851,0,1619
852,0,1617
853,0,1613
854,0,1614
855,0,1617
856,0,1615
857,0,1613
858,0,1612
859,0,1611
860,0,1613
861,0,1607
862,0,1606
863,0,1608
864,0,1609
865,0,1612
866,0,1609
867,0,1607
868,0,1607
869,0,1608
870,0,1621
871,0,1615
872,0,1610
873,0,1615
874,0,1617
875,0,1619
876,0,1615
877,0,1613
878,0,1618
879,0,1622
880,0,1596
881,0,1594
882,0,1592
883,0,1600
884,0,1598
885,0,1599
886,0,1600
887,0,1597
888,0,1598
889,0,1607
890,0,1608
891,0,1609
892,0,1609
893,0,1609
894,0,1609
895,0,1607
896,0,1606
897,0,1601
898,0,1605
899,0,1602
900,0,1604
901,0,1606
902,0,1606
903,0,1603
904,0,1605
905,0,1603
906,0,1607
907,0,1597
908,0,1595
909,0,1596
910,0,1600
911,0,1596
912,0,1598
913,0,1598
914,0,1602
915,0,1600
916,0,1602
917,0,1600
918,0,1603
919,0,1598
920,0,1598
921,0,1595
922,0,1594
923,0,1596
924,0,1596
925,0,1597
926,0,1595
927,0,1595
928,0,1599
929,0,1599
930,0,1605
931,0,1604
932,0,1607
933,0,1610
934,0,1610
935,0,1609
936,0,1607
937,0,1610
938,0,1604
939,0,1611
940,0,1612
941,0,1615
942,0,1617
943,0,1617
944,0,1610
945,0,1615
946,0,1610
947,0,1608
948,0,1606
949,0,1612
950,0,1610
951,0,1612
952,0,1609
953,0,1602
954,0,1602
955,0,1605
956,0,1612
957,0,1613
958,0,1610
959,0,1608
960,0,1607
961,0,1610
962,0,1617
963,0,1623
964,0,1620
965,0,1619
966,0,1621
967,0,1618
968,0,1620
969,0,1624
970,0,1622
971,0,1618
972,0,1613
973,0,1613
974,0,1608
975,0,1606
976,0,1601
977,0,1602
978,0,1604
979,0,1607
980,0,1594
981,0,1598
982,0,1603
983,0,1601
984,0,1598
985,0,1603
986,0,1604
987,0,1600
988,0,1606
989,0,1608
990,0,1610
991,0,1609
992,0,1609
993,0,1609
994,0,1610
995,0,1614
996,0,1609
997,0,1604
998,0,1600
999,0,1600
1000,0,1606
1001,0,1613
1002,0,1613
1003,0,1616
1004,0,1617
1005,0,1624
1006,0,1630
1007,0,1624
1008,0,1621
1009,0,1624
1010,0,1621
1011,0,1603
1012,0,1602
1013,0,1607
1014,0,1609
1015,0,1607
1016,0,1599
1017,0,1600
1018,0,1602
1019,0,1605
1020,0,1606
1021,0,1602
1022,0,1606
1023,0,1611
1024,0,1615
1025,0,1604
1026,0,1603
1027,0,1605
1028,0,1601
1029,0,1599
1030,0,1599
1031,0,1594
1032,0,1591
1033,0,1587
1034,0,1585
1035,0,1588
1036,0,1580
1037,0,1581
1038,0,1579
1039,0,1584
1040,0,1582
1041,0,1580
1042,0,1576
1043,0,1575
1044,0,1585
1045,0,1588
1046,0,1587
1047,0,1596
1048,0,1598
1049,0,1602
1050,0,1602
1051,0,1598
1052,0,1596
1053,0,1600
1054,0,1602
1055,0,1593
1056,0,1594
1057,0,1591
1058,0,1594
1059,0,1590
1060,0,1595
1061,0,1600
1062,0,1599
1063,0,1598
1064,0,1599
1065,0,1600
1066,0,1600
1067,0,1601
1068,0,1603
1069,0,1601
1070,0,1598
1071,0,1598
1072,0,1603
1073,0,1601
1074,0,1599
1075,0,1602
1076,0,1596
1077,0,1596
1078,0,1598
1079,0,1598
1080,0,1599
1081,0,1598
1082,0,1593
1083,0,1591
1084,0,1589
1085,0,1591
1086,0,1591
1087,0,1581
1088,0,1584
1089,0,1589
1090,0,1593
1091,0,1592
1092,0,1595
1093,0,1597
1094,0,1593
1095,0,1595
1096,0,1595
1097,0,1595
1098,0,1597
1099,0,1594
1100,0,1584
1101,0,1583
1102,0,1580
1103,0,1580
1104,0,1578
1105,0,1580
1106,0,1578
1107,0,1586
1108,0,1583
1109,0,1576
1110,0,1580
1111,0,1591
1112,0,1584
1113,0,1583
1114,0,1585
1115,0,1584
1116,0,1576
1117,0,1580
1118,0,1590
1119,0,1590
1120,0,1588
1121,0,1593
1122,0,1592
1123,0,1587
1124,0,1590
1125,0,1589
1126,0,1595
1127,0,1593
1128,0,1594
1129,0,1592
1130,0,1590
1131,0,1586
1132,0,1584
1133,0,1587
1134,0,1590
1135,0,1592
1136,0,1592
1137,0,1595
1138,0,1597
1139,0,1595
1140,0,1593
1141,0,1590
1142,0,1586
1143,0,1593
1144,0,1587
1145,0,1588
1146,0,1586
1147,0,1583
1148,0,1587
1149,0,1581
1150,0,1587
1151,0,1580
1152,0,1585
1153,0,1582
1154,0,1588
1155,0,1590
1156,0,1592
1157,0,1591
1158,0,1591
1159,0,1591
1160,0,1595
1161,0,1597
1162,0,1603
1163,0,1597
1164,0,1592
1165,0,1592
1166,0,1589
1167,0,1592
1168,0,1595
1169,0,1596
1170,0,1600
1171,0,1597
1172,0,1599
1173,0,1594
1174,0,1597
1175,0,1599
1176,0,1599
1177,0,1599
1178,0,1596
1179,0,1598
1180,0,1596
1181,0,1595
1182,0,1594
1183,0,1594
1184,0,1589
1185,0,1592
1186,0,1602
1187,0,1600
1188,0,1597
1189,0,1594
1190,0,1595
1191,0,1595
1192,0,1596
1193,0,1595
1194,0,1598
1195,0,1600
1196,0,1602
1197,0,1598
1198,0,1600
1199,0,1602
1200,0,1602
1201,0,1601
1202,0,1602
1203,0,1599
1204,0,1603
1205,0,1598
1206,0,1599
1207,0,1599
1208,0,1598
1209,0,1596
1210,0,1595
1211,0,1605
1212,0,1601
1213,0,1601
1214,0,1598
1215,0,1594
1216,0,1587
1217,0,1586
1218,0,1586
1219,0,1586
1220,0,1584
1221,0,1585
1222,0,1585
1223,0,1587
1224,0,1586
1225,0,1583
1226,0,1583
1227,0,1585
1228,0,1581
1229,0,1584
1230,0,1595
1231,0,1588
1232,0,1588
1233,0,1586
1234,0,1584
1235,0,1584
1236,0,1585
1237,0,1583
1238,0,1583
1239,0,1586
1240,0,1580
1241,0,1582
1242,0,1580
1243,0,1584
1244,0,1588
1245,0,1582
1246,0,1583
1247,0,1588
1248,0,1586
1249,0,1580
1250,0,1584
1251,0,1588
1252,0,1585
1253,0,1591
1254,0,1585
1255,0,1593
1256,0,1594
1257,0,1590
1258,0,1593
1259,0,1594
1260,0,1590
1261,0,1590
1262,0,1590
1263,0,1593
1264,0,1596
1265,0,1596
1266,0,1593
1267,0,1596
1268,0,1592
1269,0,1597
1270,0,1599
1271,0,1602
1272,0,1604
1273,0,1597
1274,0,1605
1275,0,1605
1276,0,1603
1277,0,1595
1278,0,1603
1279,0,1604
1280,0,1599
1281,0,1600
1282,0,1602
1283,0,1602
1284,0,1604
1285,0,1604
1286,0,1602
1287,0,1606
1288,0,1614
1289,0,1611
1290,0,1611
1291,0,1609
1292,0,1607
1293,0,1607
1294,0,1597
1295,0,1595
1296,0,1593
1297,0,1590
1298,0,1588
1299,0,1599
1300,0,1596
1301,0,1597
1302,0,1589
1303,0,1593
1304,0,1591
1305,0,1593
1306,0,1594
1307,0,1590
1308,0,1596
1309,0,1595
1310,0,1599
1311,0,1590
1312,0,1594
1313,0,1596
1314,0,1590
1315,0,1589
1316,0,1587
1317,0,1588
1318,0,1590
1319,0,1591
1320,0,1591
1321,0,1589
1322,0,1595
1323,0,1594
1324,0,1589
1325,0,1591
1326,0,1593
1327,0,1593
1328,0,1595
1329,0,1592
1330,0,1593
1331,0,1594
1332,0,1593
1333,0,1589
1334,0,1594
1335,0,1594
1336,0,1595
1337,0,1595
1338,0,1592
1339,0,1597
1340,0,1594
1341,0,1588
1342,0,1593
1343,0,1598
1344,0,1596
1345,0,1593
1346,0,1598
1347,0,1597
1348,0,1600
1349,0,1606
1350,0,1604
1351,0,1602
1352,0,1604
1353,0,1600
1354,0,1596
1355,0,1592
1356,0,1587
1357,0,1591
1358,0,1593
1359,0,1591
1360,0,1596
1361,0,1588
1362,0,1594
1363,0,1601
1364,0,1599
1365,0,1599
1366,0,1593
1367,0,1592
1368,0,1601
1369,0,1599
1370,0,1597
1371,0,1598
1372,0,1598
1373,0,1594
1374,0,1590
1375,0,1588
1376,0,1589
1377,0,1583
1378,0,1588
1379,0,1589
1380,0,1586
1381,0,1589
1382,0,1592
1383,0,1593
1384,0,1589
1385,0,1586
1386,0,1587
1387,0,1591
1388,0,1585
1389,0,1581
1390,0,1577
1391,0,1573
1392,0,1574
1393,0,1577
1394,0,1576
1395,0,1571
1396,0,1575
1397,0,1575
1398,0,1583
1399,0,1583
1400,0,1583
1401,0,1582
1402,0,1586
1403,0,1589
1404,0,1594
1405,0,1595
1406,0,1595
1407,0,1591
1408,0,1592
1409,0,1593
1410,0,1595
1411,0,1589
1412,0,1590
1413,0,1595
1414,0,1594
1415,0,1585
1416,0,1592
1417,0,1590
1418,0,1593
1419,0,1592
1420,0,1583
1421,0,1579
1422,0,1586
1423,0,1585
1424,0,1579
1425,0,1577
1426,0,1586
1427,0,1590
1428,0,1596
1429,0,1598
1430,0,1612
1431,0,1607
1432,0,1611
1433,0,1611
1434,0,1610
1435,0,1595
1436,0,1595
1437,0,1613
1438,0,1626
1439,0,1632
1440,0,1633
1441,0,1619
1442,0,1632
1443,0,1632
1444,0,1647
1445,0,1641
1446,0,1635
1447,0,1639
1448,0,1649
1449,0,1645
1450,0,1637
1451,0,1636
1452,0,1643
1453,0,1645
1454,0,1640
1455,0,1629
1456,0,1635
1457,0,1640
1458,0,1627
1459,0,1647
1460,0,1643
1461,0,1641
1462,0,1648
1463,0,1648
1464,0,1656
1465,0,1656
1466,0,1664
1467,0,1667
1468,0,1681
1469,0,1669
1470,0,1661
1471,0,1643
1472,0,1656
1473,0,1673
1474,0,1678
1475,0,1683
1476,0,1680
1477,0,1688
1478,0,1685
1479,0,1666
1480,0,1692
1481,0,1690
1482,0,1692
1483,0,1694
1484,0,1707
1485,0,1696
1486,0,1688
1487,0,1679
1488,0,1676
1489,0,1694
1490,0,1690
1491,0,1672
1492,0,1696
1493,0,1698
1494,0,1680
1495,0,1687
1496,0,1662
1497,0,1683
1498,0,1670
1499,0,1664
1500,0,1680
1501,0,1704
1502,0,1690
1503,0,1707
1504,0,1726
1505,0,1716
1506,0,1756
1507,0,1738
1508,0,1741
1509,0,1770
1510,0,1756
1511,0,1761
1512,0,1759
1513,0,1760
1514,0,1774
1515,0,1782
1516,8,1734
1517,0,1721
1518,0,1730
1519,1,1735
1520,0,1701
1521,0,1716
1522,8,1690
1523,0,1669
1524,0,1675
1525,0,1676
1526,0,1675
1527,2,1686
1528,2,1683
1529,0,1686
1530,5,1695
1531,11,1681
1532,0,1663
1533,4,1630
1534,5,1652
1535,0,1624
1536,1,1643
1537,0,1625
1538,0,1624
1539,0,1614
1540,0,1597
1541,0,1583
1542,2,1586
1543,0,1567
1544,0,1571
1545,3,1585
1546,4,1625
1547,0,1589
1548,0,1602
1549,0,1598
1550,3,1540
1551,0,1532
1552,0,1542
1553,0,1559
1554,1,1515
1555,0,1535
1556,0,1535
1557,0,1530
1558,3,1561
1559,0,1562
1560,0,1544
1561,2,1489
1562,0,1507
1563,0,1492
1564,0,1467
1565,0,1467
1566,0,1474
1567,0,1491
1568,0,1484
1569,0,1493
1570,2,1515
1571,0,1504
1572,1,1497
1573,0,1490
1574,0,1470
1575,0,1465
1576,0,1435
1577,0,1446
1578,1,1442
1579,0,1406
1580,0,1426
1581,1,1412
1582,12,1389
1583,0,1396
1584,6,1405
1585,0,1398
1586,0,1387
1587,6,1373
1588,6,1359
1589,0,1402
1590,2,1389
1591,0,1359
1592,0,1378
1593,0,1338
1594,4,1297
1595,0,1304
1596,9,1274
1597,0,1283
1598,0,1280
1599,7,1269
1600,8,1264
1601,0,1262
1602,11,1264
1603,8,1257
1604,0,1274
1605,5,1286
1606,5,1285
1607,0,1294
1608,4,1291
1609,9,1301
1610,0,1262
1611,14,1248
1612,22,1251
1613,0,1278
1614,20,1272
1615,19,1265
1616,0,1291
1617,11,1283
1618,13,1252
1619,2,1242
1620,16,1238
1621,2,1216
1622,0,1237
1623,15,1211
1624,16,1199
1625,0,1215
1626,9,1174
1627,19,1167
1628,0,1168
1629,13,1141
1630,8,1129
1631,2,1149
1632,12,1132
1633,19,1144
1634,0,1145
1635,9,1183
1636,32,1174
1637,0,1217
1638,25,1242
1639,24,1246
1640,0,1252
1641,28,1220
1642,31,1206
1643,0,1220
1644,42,1230
1645,23,1232
1646,0,1220
1647,10,1229
1648,17,1233
1649,0,1228
1650,11,1227
1651,45,1208
1652,0,1220
1653,20,1203
1654,23,1229
1655,0,1219
1656,44,1238
1657,49,1234
1658,0,1239
1659,77,1231
1660,70,1218
1661,0,1185
1662,114,1190
1663,113,1197
1664,0,1198
1665,106,1235
1666,120,1259
1667,0,1271
1668,116,1257
1669,134,1238
1670,0,1258
1671,110,1283
1672,87,1287
1673,0,1278
1674,106,1238
1675,105,1232
1676,0,1242
1677,127,1253
1678,112,1234
1679,0,1214
1680,177,1231
1681,212,1208
1682,0,1238
1683,213,1224
1684,234,1217
1685,0,1221
1686,202,1170
1687,216,1144
1688,0,1152
1689,202,1156
1690,240,1190
1691,0,1150
1692,191,1191
1693,197,1181
1694,1,1178
1695,270,1195
1696,252,1203
1697,0,1196
1698,227,1205
1699,275,1196
1700,0,1220
1701,309,1249
1702,290,1235
1703,0,1237
1704,321,1253
1705,329,1263
1706,0,1269
1707,325,1279
1708,315,1294
1709,0,1288
1710,312,1281
1711,313,1288
1712,0,1275
1713,324,1281
1714,311,1273
1715,0,1277
1716,271,1273
1717,271,1275
1718,0,1294
1719,290,1287
1720,281,1300
1721,0,1306
1722,269,1295
1723,236,1291
1724,0,1309
1725,162,1291
1726,194,1326
1727,0,1322
1728,161,1338
1729,162,1297
1730,0,1295
1731,184,1206
1732,217,1181
1733,0,1157
1734,236,1123
1735,227,1113
1736,4,1047
1737,238,1047
1738,256,1018
1739,0,1028
1740,183,991
1741,209,951
1742,0,956
1743,218,936
1744,213,891
1745,0,887
1746,180,862
1747,152,839
1748,2,785
1749,121,761
1750,124,748
1751,0,752
1752,160,733
1753,188,729
1754,0,718
1755,174,720
1756,134,709
1757,0,719
1758,117,719
1759,128,721
1760,0,693
1761,114,698
1762,114,685
1763,1,688
1764,88,676
1765,110,669
1766,0,676
1767,80,698
1768,88,719
1769,0,724
1770,54,732
1771,85,757
1772,0,778
1773,111,793
1774,122,790
1775,0,768
1776,127,759
1777,114,751
1778,0,742
1779,106,725
1780,120,721
1781,0,727
1782,108,721
1783,116,705
1784,0,692
1785,91,675
1786,105,695
1787,0,660
1788,106,665
1789,103,651
1790,0,645
1791,88,634
1792,72,615
1793,1,587
1794,61,594
1795,71,593
1796,0,579
1797,61,581
1798,34,590
1799,0,588
1800,46,576
1801,47,586
1802,3,585
1803,54,572
1804,77,600
1805,3,627
1806,88,624
1807,97,641
1808,0,620
1809,99,612
1810,131,617
1811,0,594
1812,125,557
1813,118,552
1814,4,559
1815,76,545
1816,106,523
1817,0,525
1818,86,518
1819,96,504
1820,0,487
1821,109,488
1822,102,509
1823,0,510
1824,59,517
1825,67,514
1826,0,510
1827,93,535
1828,131,535
1829,1,525
1830,143,549
1831,130,538
1832,2,542
1833,128,554
1834,141,540
1835,0,537
1836,114,541
1837,131,533
1838,0,517
1839,123,511
1840,118,502
1841,0,505
1842,121,498
1843,140,488
1844,0,464
1845,134,481
1846,124,489
1847,0,470
1848,94,465
1849,85,449
1850,0,446
1851,54,419
1852,39,392
1853,0,380
1854,13,385
1855,20,392
1856,33,403
1857,19,418
1858,27,431
1859,45,431
1860,23,430
1861,39,450
1862,56,437
1863,38,452
1864,36,462
1865,38,448
1866,48,441
1867,46,451
1868,53,453
1869,31,481
1870,25,471
1871,37,488
1872,48,483
1873,18,457
1874,11,460
1875,39,461
1876,26,434
1877,17,439
1878,61,449
1879,44,462
1880,58,494
1881,74,484
1882,84,522
1883,96,536
1884,54,549
1885,60,552
1886,110,551
1887,59,567
1888,61,588
1889,130,577
1890,75,589
1891,91,577
1892,118,584
1893,125,586
1894,123,603
1895,87,598
1896,149,596
1897,136,605
1898,90,619
1899,139,655
1900,140,709
1901,130,713
1902,125,742
1903,163,780
1904,122,784
1905,214,810
1906,171,833
1907,70,822
1908,237,845
1909,242,845
1910,42,857
1911,208,810
1912,190,769
1913,20,765
1914,233,775
1915,260,763
1916,0,763
1917,219,755
1918,191,744
1919,0,739
1920,250,724
1921,239,712
1922,1,708
1923,249,684
1924,136,654
1925,14,634
1926,229,636
1927,260,638
1928,7,637
1929,259,622
1930,266,586
1931,0,565
1932,204,573
1933,192,548
1934,1,534
1935,154,509
1936,108,504
1937,0,503
1938,153,461
1939,102,441
1940,0,431
1941,79,434
1942,38,393
1943,3,419
1944,39,387
1945,6,393
1946,0,388
1947,2,377
1948,2,361
1949,0,346
1950,1,336
1951,6,340
1952,0,325
1953,10,321
1954,0,324
1955,0,313
1956,0,306
1957,0,301
1958,3,308
1959,0,297
1960,0,284
1961,0,274
1962,0,262
1963,0,251
1964,0,246
1965,0,238
1966,0,239
1967,0,236
1968,0,235
1969,0,233
1970,0,232
1971,0,229
1972,0,225
1973,0,223
1974,0,221
1975,0,219
1976,0,219
1977,0,217
1978,0,217
1979,0,217
1980,0,218
1981,0,217
1982,0,218
1983,0,216
1984,0,216
1985,0,216
1986,0,205
1987,0,203
1988,0,204
1989,0,204
1990,0,205
1991,0,205
1992,0,205
1993,0,205
1994,0,202
1995,0,201
1996,0,201
1997,0,202
1998,0,203
1999,0,204
2000,0,205
2001,4,210
2002,14,227
2003,27,237
2004,0,262
2005,6,287
2006,38,295
2007,16,303
2008,5,308
2009,72,320
2010,24,330
2011,50,339
2012,88,343
2013,22,362
2014,34,378
2015,119,391
2016,43,411
2017,62,430
2018,128,447
2019,120,466
2020,79,485
2021,116,488
2022,59,491
2023,65,519
2024,129,526
2025,58,560
2026,52,580
2027,69,568
2028,67,576
2029,85,623
2030,97,633
2031,50,606
2032,52,612
2033,158,619
2034,43,597
2035,56,589
2036,133,566
2037,50,583
2038,30,576
2039,75,575
2040,15,552
2041,18,556
2042,60,531
2043,51,535
2044,75,515
2045,25,523
2046,44,491
2047,77,494
2048,3,491
2049,55,473
2050,32,465
2051,3,434
2052,17,436
2053,38,420
2054,0,407
2055,46,383
2056,2,370
2057,0,379
2058,14,350
2059,22,322
2060,0,307
2061,19,292
2062,4,307
2063,0,304
2064,10,292
2065,39,298
2066,0,305
2067,0,307
2068,0,294
2069,0,286
2070,0,277
2071,0,256
2072,0,248
2073,0,241
2074,0,236
2075,0,233
2076,0,231
2077,0,231
2078,0,231
2079,0,226
2080,0,225
2081,0,224
2082,0,225
2083,0,224
2084,0,224
2085,0,224
2086,0,215
2087,0,209
2088,0,211
2089,0,209
2090,0,208
2091,0,209
2092,0,208
2093,0,209
2094,0,206
2095,0,206
2096,0,210
2097,0,211
2098,0,209
2099,0,211
2100,5,214
2101,13,224
2102,0,227
2103,31,239
2104,35,247
2105,1,261
2106,61,271
2107,78,293
2108,5,302
2109,96,320
2110,97,350
2111,13,375
2112,83,403
2113,71,428
2114,25,451
2115,120,485
2116,107,516
2117,18,547
2118,140,569
2119,139,606
2120,9,621
2121,131,640
2122,152,681
2123,6,708
2124,145,736
2125,125,771
2126,11,771
2127,202,808
2128,171,838
2129,25,848
2130,130,854
2131,177,861
2132,5,857
2133,182,869
2134,163,855
2135,15,857
2136,93,838
2137,151,826
2138,1,813
2139,121,793
2140,136,770
2141,4,760
2142,127,749
2143,153,720
2144,1,719
2145,120,708
2146,137,711
2147,0,716
2148,145,689
2149,166,668
2150,0,673
2151,138,652
2152,155,621
2153,0,613
2154,126,595
2155,94,616
2156,57,622
2157,132,623
2158,137,616
2159,60,590
2160,67,568
2161,57,530
2162,38,536
2163,29,538
2164,37,492
2165,40,494
2166,45,478
2167,34,478
2168,46,462
2169,12,441
2170,11,432
2171,16,426
2172,5,419
2173,3,409
2174,5,415
2175,20,405
2176,23,379
2177,0,365
2178,49,362
2179,32,347
2180,0,327
2181,22,315
2182,17,301
2183,0,316
2184,6,306
2185,14,292
2186,3,273
2187,14,259
2188,48,255
2189,0,255
2190,31,238
2191,21,240
2192,0,252
2193,28,244
2194,28,244
2195,0,245
2196,3,236
2197,1,234
2198,0,236
2199,0,229
2200,0,222
2201,0,219
2202,0,214
2203,0,210
2204,0,209
2205,0,208
2206,0,208
2207,0,209
2208,0,210
2209,0,211
2210,0,208
2211,0,196
2212,0,196
2213,0,200
2214,0,201
2215,0,201
2216,0,201
2217,0,201
2218,0,200
2219,0,200
2220,0,199
2221,0,198
2222,0,198
2223,0,196
2224,0,196
2225,0,195
2226,0,197
2227,0,195
2228,0,198
2229,0,196
2230,0,197
2231,0,197
2232,0,196
2233,0,197
2234,0,197
2235,0,196
2236,0,198
2237,0,199
2238,0,199
2239,0,198
2240,0,201
2241,0,201
2242,0,199
2243,0,199
2244,0,199
2245,0,197
2246,0,196
2247,0,195
2248,0,194
2249,0,194
2250,0,194
2251,0,196
2252,0,196
2253,0,197
2254,0,196
2255,0,196
2256,0,196
2257,0,195
2258,0,193
2259,0,193
2260,0,193
2261,0,200
2262,0,198
2263,0,199
2264,0,198
2265,0,200
2266,1,204
2267,3,204
2268,11,211
2269,2,224
2270,17,238
2271,38,258
2272,28,269
2273,32,283
2274,45,298
2275,51,310
2276,41,315
2277,60,322
2278,66,335
2279,44,333
2280,65,345
2281,85,343
2282,32,345
2283,74,347
2284,68,356
2285,24,352
2286,62,356
2287,104,357
2288,10,362
2289,81,352
2290,96,353
2291,1,359
2292,151,349
2293,103,360
2294,1,350
2295,125,366
2296,113,359
2297,1,354
2298,80,336
2299,100,354
2300,15,354
2301,42,367
2302,76,358
2303,19,353
2304,107,351
2305,65,333
2306,23,331
2307,43,307
2308,26,288
2309,19,286
2310,20,302
2311,3,295
2312,45,288
2313,31,287
2314,29,290
2315,28,305
2316,26,289
2317,25,298
2318,27,292
2319,13,293
2320,13,285
2321,34,293
2322,12,282
2323,5,269
2324,19,264
2325,7,257
2326,11,247
2327,9,247
2328,2,252
2329,7,257
2330,0,243
2331,10,246
2332,16,248
2333,0,244
2334,5,243
2335,7,229
2336,0,218
2337,1,213
2338,0,209
2339,0,217
2340,9,216
2341,0,217
2342,0,216
2343,0,218
2344,0,216
2345,0,216
2346,0,216
2347,0,213
2348,0,214
2349,1,212
2350,0,213
2351,0,218
2352,0,221
2353,0,221
2354,8,217
2355,0,216
2356,0,218
2357,16,219
2358,1,218
2359,0,224
2360,28,224
2361,0,213
2362,0,210
2363,27,217
2364,0,217
2365,0,218
2366,20,218
2367,9,217
2368,11,218
2369,0,223
2370,14,222
2371,9,221
2372,0,222
2373,1,222
2374,0,220
2375,0,213
2376,0,214
2377,0,218
2378,0,212
2379,0,210
2380,0,215
2381,0,219
2382,0,213
2383,14,214
2384,23,230
2385,0,266
2386,6,284
2387,10,304
2388,6,327
2389,1,340
2390,121,348
2391,4,354
2392,9,358
2393,109,358
2394,25,368
2395,40,387
2396,98,384
2397,4,371
2398,18,369
2399,95,375
2400,22,372
2401,16,376
2402,46,361
2403,1,356
2404,15,332
2405,21,328
2406,1,344
2407,3,344
2408,10,338
2409,17,310
2410,3,279
2411,5,275
2412,2,292
2413,0,282
2414,0,270
2415,3,281
2416,7,284
2417,0,278
2418,18,264
2419,2,253
2420,0,244
2421,3,229
2422,0,214
2423,0,208
2424,0,207
2425,0,207
2426,0,205
2427,0,203
2428,0,202
2429,0,201
2430,0,201
2431,0,201
2432,0,199
2433,1,230
2434,2,256
2435,17,266
2436,0,260
2437,2,267
2438,59,264
2439,0,272
2440,2,274
2441,49,281
2442,5,272
2443,4,267
2444,54,281
2445,14,274
2446,15,274
2447,56,272
2448,5,267
2449,8,258
2450,43,254
2451,16,244
2452,10,224
2453,9,217
2454,11,204
2455,13,209
2456,2,220
2457,3,224
2458,2,228
2459,3,229
2460,0,232
2461,0,229
2462,0,230
2463,0,228
2464,0,233
2465,0,232
2466,7,224
2467,20,220
2468,0,220
2469,0,222
2470,0,210
2471,0,206
2472,0,200
2473,0,202
2474,0,204
2475,0,204
2476,4,207
2477,12,214
2478,21,223
2479,2,226
2480,11,229
2481,2,231
2482,4,236
2483,14,232
2484,0,230
2485,5,228
2486,24,224
2487,0,216
2488,0,218
2489,32,219
2490,0,219
2491,2,222
2492,20,222
2493,1,227
2494,0,230
2495,2,232
2496,14,226
2497,11,226
2498,1,224
2499,3,223
2500,2,219
2501,0,224
2502,0,221
2503,0,222
2504,0,219
2505,0,222
2506,0,225
2507,0,219
2508,8,241
2509,9,261
2510,47,275
2511,7,290
2512,3,309
2513,104,319
2514,11,340
2515,25,336
2516,111,342
2517,17,342
2518,22,343
2519,114,337
2520,30,347
2521,22,348
2522,118,359
2523,32,364
2524,44,363
2525,67,364
2526,60,389
2527,43,384
2528,7,376
2529,81,387
2530,79,371
2531,0,374
2532,71,368
2533,64,362
2534,0,356
2535,52,350
2536,39,339
2537,0,326
2538,33,346
2539,33,330
2540,0,337
2541,29,319
2542,52,323
2543,0,314
2544,31,279
2545,9,277
2546,0,277
2547,34,286
2548,31,280
2549,0,277
2550,21,270
2551,23,274
2552,0,270
2553,33,260
2554,19,254
2555,0,243
2556,0,226
2557,1,221
2558,0,213
2559,0,204
2560,0,201
2561,0,193
2562,0,193
2563,0,193
2564,0,192
2565,0,192
2566,0,192
2567,0,192
2568,0,192
2569,0,193
2570,0,192
2571,0,192
2572,0,192
2573,0,191
2574,0,190
2575,0,190
2576,0,190
2577,0,190
2578,0,190
2579,0,190
2580,0,190
2581,0,190
2582,0,190
2583,0,190
2584,0,190
2585,0,190
2586,0,190
2587,0,190
2588,0,191
2589,0,190
2590,0,190
2591,0,191
2592,0,188
2593,0,188
2594,0,188
2595,0,188
2596,0,189
2597,0,188
2598,0,189
2599,0,189
2600,0,189
2601,0,189
2602,0,189
2603,0,189
2604,0,189
2605,0,189
2606,0,188
2607,0,188
2608,0,189
2609,0,189
2610,0,189
2611,0,190
2612,0,191
2613,0,190
2614,0,190
2615,0,190
2616,0,190
2617,0,189
2618,0,188
2619,0,187
2620,0,187
2621,0,187
2622,0,187
2623,0,187
2624,0,189
2625,15,210
2626,2,238
2627,41,255
2628,17,270
2629,19,281
2630,62,281
2631,23,285
2632,32,275
2633,66,276
2634,38,282
2635,45,274
2636,41,276
2637,49,274
2638,45,292
2639,42,314
2640,42,340
2641,40,359
2642,68,372
2643,43,425
2644,26,446
2645,102,470
2646,32,489
2647,33,502
2648,137,495
2649,50,505
2650,64,491
2651,152,503
2652,90,504
2653,46,474
2654,78,479
2655,79,469
2656,73,479
2657,34,479
2658,83,496
2659,100,489
2660,4,491
2661,102,493
2662,107,493
2663,1,498
2664,80,502
2665,116,486
2666,0,460
2667,139,461
2668,80,459
2669,0,451
2670,64,458
2671,49,473
2672,0,460
2673,58,439
2674,90,429
2675,0,436
2676,84,420
2677,101,420
2678,0,404
2679,98,408
2680,88,414
2681,1,421
2682,119,405
2683,79,405
2684,0,387
2685,95,385
2686,87,378
2687,0,375
2688,111,369
2689,84,366
2690,0,357
2691,90,348
2692,89,345
2693,0,337
2694,73,335
2695,55,316
2696,0,315
2697,8,303
2698,14,304
2699,0,298
2700,0,307
2701,0,303
2702,0,302
2703,0,303
2704,0,307
2705,0,311
2706,3,307
2707,2,309
2708,0,305
2709,0,304
2710,0,297
2711,0,293
2712,0,296
2713,0,302
2714,0,303
2715,0,304
2716,0,304
2717,0,309
2718,0,305
2719,0,307
2720,0,301
2721,0,299
2722,0,297
2723,0,292
2724,0,290
2725,0,291
2726,0,290
2727,0,288
2728,14,301
2729,5,303
2730,36,321
2731,5,334
2732,0,339
2733,5,328
2734,5,331
2735,0,335
2736,6,332
2737,18,315
2738,0,319
2739,20,328
2740,16,317
2741,0,314
2742,25,312
2743,14,304
2744,0,302
2745,21,287
2746,29,291
2747,0,289
2748,33,298
2749,31,298
2750,2,303
2751,28,312
2752,17,300
2753,0,302
2754,14,302
2755,9,312
2756,0,303
2757,6,307
2758,5,311
2759,0,308
2760,7,304
2761,8,298
2762,0,300
2763,14,305
2764,18,308
2765,0,305
2766,12,327
2767,17,315
2768,0,307
2769,16,315
2770,14,314
2771,0,309
2772,3,318
2773,0,318
2774,0,316
2775,0,305
2776,0,313
2777,0,306
2778,0,315
2779,0,312
2780,0,312
2781,0,303
2782,0,316
2783,0,306
2784,0,306
2785,0,303
2786,0,296
2787,0,310
2788,0,298
2789,0,292
2790,0,304
2791,0,298
2792,0,291
2793,0,306
2794,0,296
2795,0,303
2796,0,306
2797,0,297
2798,0,298
2799,0,301
2800,0,306
2801,0,306
2802,0,290
2803,0,293
2804,0,294
2805,0,304
2806,0,294
2807,0,293
2808,0,288
2809,0,289
2810,0,289
2811,0,285
2812,0,287
2813,0,289
2814,0,288
2815,0,292
2816,0,294
2817,0,291
2818,0,298
2819,0,298
2820,0,303
2821,0,301
2822,0,308
2823,0,305
2824,0,302
2825,0,305
2826,0,306
2827,0,303
2828,0,303
2829,0,306
2830,0,305
2831,0,305
2832,0,305
2833,0,311
2834,0,310
2835,0,314
2836,0,307
2837,0,305
2838,0,305
2839,0,304
2840,0,303
2841,0,299
2842,0,300
2843,0,303
2844,0,295
2845,0,298
2846,0,294
2847,0,297
2848,0,296
2849,0,298
2850,0,299
2851,0,299
2852,0,302
2853,0,306
2854,0,298
2855,0,303
2856,0,303
2857,0,304
2858,0,306
2859,0,309
2860,0,311
2861,0,300
2862,0,297
2863,0,302
2864,0,300
2865,0,301
2866,0,303
2867,0,306
2868,0,302
2869,0,309
2870,0,317
2871,0,312
2872,0,305
2873,0,306
2874,0,307
2875,0,307
2876,0,303
2877,0,300
2878,0,306
2879,0,313
2880,15,318
2881,23,329
2882,0,332
2883,15,333
2884,5,334
2885,0,330
2886,3,325
2887,2,332
2888,0,329
2889,6,339
2890,16,333
2891,0,337
2892,30,342
2893,29,341
2894,0,346
2895,26,340
2896,29,341
2897,0,346
2898,27,345
2899,20,345
2900,0,336
2901,1,338
2902,0,346
2903,0,344
2904,0,348
2905,0,345
2906,0,344
2907,0,345
2908,0,345
2909,0,339
2910,0,339
2911,0,329
2912,0,333
2913,0,329
2914,0,328
2915,0,336
2916,0,334
2917,0,329
2918,0,333
2919,0,329
2920,0,332
2921,0,330
2922,0,326
2923,0,328
2924,0,330
2925,0,327
2926,0,324
2927,0,330
2928,0,333
2929,0,330
2930,0,330
2931,0,332
2932,0,335
2933,0,336
2934,0,325
2935,0,328
2936,0,327
2937,0,319
2938,0,319
2939,0,319
2940,0,320
2941,0,318
2942,0,318
2943,0,319
2944,5,328
2945,0,332
2946,14,345
2947,25,355
2948,0,353
2949,34,369
2950,35,380
2951,0,381
2952,36,396
2953,34,406
2954,0,416
2955,27,421
2956,41,433
2957,0,441
2958,30,448
2959,31,465
2960,0,478
2961,25,546
2962,23,557
2963,0,558
2964,6,585
2965,12,591
2966,0,605
2967,10,616
2968,6,631
2969,0,633
2970,1,656
2971,2,669
2972,0,671
2973,1,695
2974,0,701
2975,0,710
2976,0,723
2977,0,739
2978,0,749
2979,0,758
2980,0,777
2981,0,777
2982,0,806
2983,0,823
2984,0,821
2985,0,837
2986,0,865
2987,0,872
2988,0,881
2989,0,887
2990,0,897
2991,0,926
2992,6,930
2993,0,936
2994,41,927
2995,22,925
2996,0,930
2997,33,934
2998,49,958
2999,0,968
3000,16,987
3001,21,1009
3002,0,1020
3003,37,1039
3004,37,1061
3005,0,1053
3006,28,1095
3007,20,1099
3008,0,1106
3009,47,1133
3010,50,1143
3011,0,1158
3012,35,1187
3013,43,1218
3014,0,1237
3015,62,1268
3016,33,1300
3017,0,1307
3018,55,1335
3019,47,1359
3020,0,1389
3021,54,1409
3022,34,1428
3023,0,1420
3024,33,1440
3025,11,1457
3026,0,1456
3027,5,1473
3028,4,1487
3029,0,1512
3030,0,1533
3031,0,1520
3032,0,1541
3033,0,1546
3034,0,1549
3035,0,1544
3036,0,1539
3037,0,1547
3038,0,1539
3039,0,1556
3040,2,1528
3041,0,1523
3042,0,1512
3043,0,1493
3044,0,1493
3045,0,1500
3046,0,1492
3047,0,1507
3048,0,1499
3049,0,1504
3050,0,1509
3051,0,1490
3052,0,1481
3053,0,1470
3054,0,1477
3055,0,1478
3056,0,1483
3057,0,1504
3058,0,1504
3059,0,1495
3060,8,1505
3061,11,1465
3062,0,1482
3063,42,1478
3064,27,1470
3065,0,1474
3066,47,1472
3067,41,1471
3068,0,1455
3069,30,1453
3070,40,1421
3071,0,1427
3072,36,1442
3073,28,1429
3074,0,1419
3075,31,1442
3076,21,1447
3077,0,1466
3078,8,1452
3079,22,1471
3080,0,1468
3081,0,1485
3082,3,1477
3083,0,1487
3084,9,1498
3085,55,1518
3086,0,1513
3087,69,1512
3088,92,1545
3089,0,1555
3090,93,1561
3091,53,1564
3092,0,1561
3093,27,1567
3094,4,1588
3095,0,1591
3096,5,1603
3097,0,1613
3098,0,1605
3099,2,1604
3100,0,1609
3101,0,1602
3102,0,1594
3103,0,1579
3104,1,1576
3105,0,1567
3106,0,1560
3107,0,1561
3108,0,1555
3109,0,1554
3110,0,1536
3111,0,1534
3112,0,1525
3113,0,1524
3114,0,1534
3115,0,1524
3116,0,1530
3117,0,1523
3118,0,1514
3119,0,1525
3120,0,1534
3121,0,1537
3122,0,1526
3123,0,1526
3124,0,1536
3125,0,1538
3126,0,1537
3127,0,1536
3128,0,1541
3129,0,1550
3130,0,1546
3131,0,1538
3132,0,1530
3133,0,1539
3134,0,1531
3135,0,1543
3136,0,1527
3137,0,1525
3138,0,1526
3139,0,1520
3140,0,1517
3141,0,1519
3142,0,1518
3143,0,1521
3144,0,1513
3145,0,1508
3146,0,1503
3147,0,1513
3148,0,1501
3149,0,1500
3150,0,1496
3151,0,1498
3152,0,1495
3153,0,1497
3154,0,1492
3155,0,1501
3156,0,1492
3157,0,1492
3158,0,1490
3159,0,1498
3160,0,1494
3161,0,1500
3162,0,1505
3163,0,1513
3164,0,1503
3165,0,1503
3166,0,1500
3167,0,1496
3168,0,1500
3169,0,1496
3170,0,1493
3171,0,1496
3172,0,1485
3173,0,1482
3174,0,1498
3175,0,1509
3176,0,1500
3177,0,1492
3178,0,1503
3179,0,1503
3180,0,1496
3181,0,1495
3182,0,1512
3183,0,1506
3184,0,1513
3185,0,1511
3186,0,1527
3187,17,1509
3188,15,1516
3189,3,1532
3190,0,1531
3191,0,1533
3192,3,1540
3193,0,1539
3194,0,1545
3195,0,1535
3196,0,1536
3197,0,1529
3198,0,1531
3199,0,1527
3200,0,1522
3201,0,1524
3202,0,1520
3203,0,1519
3204,0,1507
3205,0,1512
3206,0,1513
3207,0,1507
3208,0,1501
3209,0,1498
3210,0,1497
3211,0,1504
3212,0,1497
3213,0,1494
3214,0,1495
3215,0,1486
3216,0,1488
3217,0,1483
3218,0,1482
3219,0,1484
3220,0,1482
3221,0,1480
3222,0,1479
3223,0,1476
3224,0,1479
3225,0,1470
3226,0,1474
3227,0,1471
3228,0,1470
3229,0,1471
3230,0,1471
3231,0,1469
3232,0,1468
3233,0,1465
3234,0,1466
3235,0,1472
3236,0,1470
3237,0,1463
3238,0,1468
3239,0,1462
3240,0,1465
3241,0,1461
3242,0,1460
3243,0,1461
3244,0,1467
3245,0,1472
3246,0,1472
3247,0,1465
3248,0,1468
3249,0,1467
3250,0,1472
3251,0,1466
3252,0,1469
3253,0,1468
3254,0,1468
3255,0,1465
3256,0,1466
3257,0,1462
3258,0,1462
3259,0,1457
3260,0,1461
3261,0,1460
3262,0,1466
3263,0,1466
3264,0,1473
3265,0,1471
3266,0,1474
3267,0,1477
3268,0,1480
3269,0,1483
3270,0,1481
3271,0,1483
3272,0,1484
3273,0,1486
3274,0,1486
3275,0,1487
3276,0,1488
3277,0,1490
3278,0,1491
3279,0,1484
3280,0,1484
3281,0,1482
3282,0,1482
3283,0,1485
3284,0,1485
3285,0,1486
3286,0,1481
3287,0,1478
3288,0,1478
3289,0,1480
3290,0,1481
3291,0,1477
3292,0,1478
3293,0,1478
3294,0,1478
3295,0,1473
3296,0,1470
3297,0,1469
3298,0,1467
3299,0,1473
3300,0,1473
3301,0,1475
3302,0,1473
3303,0,1474
3304,0,1473
3305,0,1475
3306,0,1476
3307,0,1477
3308,0,1475
3309,0,1479
3310,0,1480
3311,0,1472
3312,0,1466
3313,0,1467
3314,0,1469
3315,0,1469
3316,0,1472
3317,0,1473
3318,0,1470
3319,0,1469
3320,0,1463
3321,0,1460
3322,0,1467
3323,0,1470
3324,0,1471
3325,0,1473
3326,0,1473
3327,0,1472
3328,0,1469
3329,0,1468
3330,0,1470
3331,0,1474
3332,0,1468
3333,0,1467
3334,0,1470
3335,0,1469
3336,0,1476
3337,0,1479
3338,0,1478
3339,0,1475
3340,0,1473
3341,0,1473
3342,0,1477
3343,0,1470
3344,0,1470
3345,0,1472
3346,0,1468
3347,0,1466
3348,0,1464
3349,0,1465
3350,0,1463
3351,0,1461
3352,0,1459
3353,0,1463
3354,0,1462
3355,0,1466
3356,0,1465
3357,0,1462
3358,0,1466
3359,0,1464
3360,0,1464
3361,0,1480
3362,0,1482
3363,0,1490
3364,0,1479
3365,0,1478
3366,0,1479
3367,0,1479
3368,0,1478
3369,0,1480
3370,0,1477
3371,0,1470
3372,0,1466
3373,0,1473
3374,0,1474
3375,0,1474
3376,0,1467
3377,0,1468
3378,0,1465
3379,0,1465
3380,0,1457
3381,0,1462
3382,0,1463
3383,0,1467
3384,0,1465
3385,0,1468
3386,0,1468
3387,0,1470
3388,0,1473
3389,0,1477
3390,0,1476
3391,0,1480
3392,0,1478
3393,0,1481
3394,0,1479
3395,0,1483
3396,0,1481
3397,0,1478
3398,0,1475
3399,0,1481
3400,0,1486
3401,0,1489
3402,0,1490
3403,0,1489
3404,0,1490
3405,0,1495
3406,0,1496
3407,0,1497
3408,0,1496
3409,0,1497
3410,0,1497
3411,0,1494
3412,0,1497
3413,0,1494
3414,0,1495
3415,0,1494
3416,0,1489
3417,0,1493
3418,0,1493
3419,0,1496
3420,0,1497
3421,0,1495
3422,0,1491
3423,0,1495
3424,0,1492
3425,0,1497
3426,0,1500
3427,0,1502
3428,0,1500
3429,0,1500
3430,0,1502
3431,0,1502
3432,0,1501
3433,0,1501
3434,0,1498
3435,0,1499
3436,0,1515
3437,0,1511
3438,0,1513
3439,0,1514
3440,0,1506
3441,0,1510
3442,0,1509
3443,0,1508
3444,0,1511
3445,0,1510
3446,0,1516
3447,0,1518
3448,0,1517
3449,0,1513
3450,0,1514
3451,0,1513
3452,0,1516
3453,0,1517
3454,0,1517
3455,0,1512
3456,0,1509
3457,0,1510
3458,0,1510
3459,0,1513
3460,0,1513
3461,0,1513
3462,0,1514
3463,0,1511
3464,0,1516
3465,0,1517
3466,0,1517
3467,0,1512
3468,0,1511
3469,0,1507
3470,0,1501
3471,0,1501
3472,0,1496
3473,0,1492
3474,0,1492
3475,0,1494
3476,0,1492
3477,0,1494
3478,0,1497
3479,0,1496
3480,0,1495
3481,0,1495
3482,0,1496
3483,0,1500
3484,0,1501
3485,0,1498
3486,0,1497
3487,0,1496
3488,0,1492
3489,0,1495
3490,0,1500
3491,0,1495
3492,0,1494
3493,0,1494
3494,0,1494
3495,0,1492
3496,0,1488
3497,0,1485
3498,0,1487
3499,0,1486
3500,0,1488
3501,0,1493
3502,0,1492
3503,0,1489
3504,0,1490
3505,0,1488
3506,0,1489
3507,0,1490
3508,0,1487
3509,0,1490
3510,0,1492
3511,0,1507
3512,0,1501
3513,0,1503
3514,0,1504
3515,0,1506
3516,0,1506
3517,0,1501
3518,0,1504
3519,0,1506
3520,0,1507
3521,0,1500
3522,0,1498
3523,0,1497
3524,0,1498
3525,0,1501
3526,0,1498
3527,0,1496
3528,0,1496
3529,0,1499
3530,0,1498
3531,0,1496
3532,0,1495
3533,0,1493
3534,0,1497
3535,0,1496
3536,0,1497
3537,0,1489
3538,0,1488
3539,0,1489
3540,0,1496
3541,0,1501
3542,0,1506
3543,0,1501
3544,0,1506
3545,0,1504
3546,0,1502
3547,0,1503
3548,0,1498
3549,0,1494
3550,0,1505
3551,0,1506
3552,0,1507
3553,0,1511
3554,0,1509
3555,0,1506
3556,0,1509
3557,0,1509
3558,0,1513
3559,0,1514
3560,0,1512
3561,0,1507
3562,0,1507
3563,0,1511
3564,0,1504
3565,0,1500
3566,0,1497
3567,0,1496
3568,0,1497
3569,0,1494
3570,0,1500
3571,0,1496
3572,0,1500
3573,0,1499
3574,0,1499
3575,0,1502
3576,0,1502
3577,0,1499
3578,0,1500
3579,0,1500
3580,0,1498
3581,0,1498
3582,0,1500
3583,0,1502
3584,0,1501
3585,0,1509
3586,0,1508
3587,0,1506
3588,0,1508
3589,0,1508
3590,0,1508
3591,0,1509
3592,0,1507
3593,0,1510
3594,0,1508
3595,0,1509
3596,0,1502
3597,0,1502
3598,0,1501
3599,0,1498
3600,0,1490
3601,0,1486
3602,0,1488
3603,0,1488
3604,0,1488
3605,0,1489
3606,0,1486
3607,0,1483
3608,0,1484
3609,0,1486
3610,0,1485
3611,0,1484
3612,0,1482
3613,0,1487
3614,0,1488
3615,0,1489
3616,0,1488
3617,0,1488
3618,0,1490
3619,0,1492
3620,0,1497
3621,0,1509
3622,0,1513
3623,0,1514
3624,0,1510
3625,0,1512
3626,0,1510
3627,0,1503
3628,0,1506
3629,0,1510
3630,0,1513
3631,0,1512
3632,0,1510
3633,0,1514
3634,0,1506
3635,0,1508
3636,0,1505
3637,0,1507
3638,0,1503
3639,0,1506
3640,0,1508
3641,0,1509
3642,0,1505
3643,0,1504
3644,0,1500
3645,0,1509
3646,0,1506
3647,0,1506
3648,0,1496
3649,0,1494
3650,0,1497
3651,0,1493
3652,0,1494
3653,0,1498
3654,0,1499
3655,0,1502
3656,0,1496
3657,0,1497
3658,0,1493
3659,0,1490
3660,0,1488
3661,0,1493
3662,0,1493
3663,0,1494
3664,0,1495
3665,0,1493
3666,0,1490
3667,0,1495
3668,0,1493
3669,0,1492
3670,0,1500
3671,0,1496
3672,0,1499
3673,0,1506
3674,0,1503
3675,0,1497
3676,0,1500
3677,0,1498
3678,0,1492
3679,0,1493
3680,0,1494
3681,0,1492
3682,0,1495
3683,0,1496
3684,0,1491
3685,0,1492
3686,0,1485
3687,0,1490
3688,0,1492
3689,0,1490
3690,0,1489
3691,0,1489
3692,0,1490
3693,0,1490
3694,0,1489
3695,0,1499
3696,0,1508
3697,0,1504
3698,0,1501
3699,0,1496
3700,0,1495
3701,0,1495
3702,0,1496
3703,0,1494
3704,0,1482
3705,0,1494
3706,0,1492
3707,0,1494
3708,0,1490
3709,0,1484
3710,0,1497
3711,0,1496
3712,0,1501
3713,0,1491
3714,0,1506
3715,0,1510
3716,0,1499
3717,0,1488
3718,0,1491
3719,0,1508
3720,0,1497
3721,0,1484
3722,0,1492
3723,0,1500
3724,0,1491
3725,0,1485
3726,0,1485
3727,0,1489
3728,0,1491
3729,0,1482
3730,0,1492
3731,0,1493
3732,0,1493
3733,0,1493
3734,0,1489
3735,0,1498
3736,0,1496
3737,0,1498
3738,0,1496
3739,0,1492
3740,0,1496
3741,0,1497
3742,0,1494
3743,0,1489
3744,0,1486
3745,0,1509
3746,0,1505
3747,0,1510
3748,0,1509
3749,0,1508
3750,0,1505
3751,0,1503
3752,0,1500
3753,0,1509
3754,0,1515
3755,0,1514
3756,0,1520
3757,0,1518
3758,0,1523
3759,0,1517
3760,0,1517
3761,0,1514
3762,0,1516
3763,0,1513
3764,0,1514
3765,0,1513
3766,0,1512
3767,0,1505
3768,0,1500
3769,0,1502
3770,0,1493
3771,0,1490
3772,0,1489
3773,0,1488
3774,0,1492
3775,0,1494
3776,0,1493
3777,0,1487
3778,0,1492
3779,0,1492
3780,0,1495
3781,0,1501
3782,0,1504
3783,0,1507
3784,0,1498
3785,0,1505
3786,0,1508
3787,0,1516
3788,0,1508
3789,0,1508
3790,0,1513
3791,0,1504
3792,0,1509
3793,0,1507
3794,0,1508
3795,0,1507
3796,0,1509
3797,0,1506
3798,0,1495
3799,0,1495
3800,0,1500
3801,0,1491
3802,0,1493
3803,0,1491
3804,0,1492
3805,0,1492
3806,0,1491
3807,0,1481
3808,0,1482
3809,0,1483
3810,0,1478
3811,0,1472
3812,0,1469
3813,0,1469
3814,0,1470
3815,0,1478
3816,0,1478
3817,0,1479
3818,0,1475
3819,0,1476
3820,0,1487
3821,0,1487
3822,0,1489
3823,0,1485
3824,0,1488
3825,0,1490
3826,0,1496
3827,0,1499
3828,0,1498
3829,0,1498
3830,0,1500
3831,0,1506
3832,0,1507
3833,0,1513
3834,0,1514
3835,0,1516
3836,0,1521
3837,0,1518
3838,0,1519
3839,0,1525
3840,0,1521
3841,0,1520
3842,0,1521
3843,0,1520
3844,0,1521
3845,0,1543
3846,0,1535
3847,0,1534
3848,0,1535
3849,0,1528
3850,0,1524
3851,0,1524
3852,0,1524
3853,0,1524
3854,0,1519
3855,0,1514
3856,0,1515
3857,0,1516
3858,0,1518
3859,0,1515
3860,0,1515
3861,0,1528
3862,0,1524
3863,0,1529
3864,0,1527
3865,0,1530
3866,0,1528
3867,0,1528
3868,0,1532
3869,0,1535
3870,0,1526
3871,0,1520
3872,0,1525
3873,0,1525
3874,0,1528
3875,0,1528
3876,0,1525
3877,0,1521
3878,0,1527
3879,0,1523
3880,0,1525
3881,0,1529
3882,0,1529
3883,0,1532
3884,0,1529
3885,0,1520
3886,0,1521
3887,0,1515
3888,0,1527
3889,0,1526
3890,0,1524
3891,0,1530
3892,0,1526
3893,0,1528
3894,0,1523
3895,0,1520
3896,0,1522
3897,0,1533
3898,0,1531
3899,0,1530
3900,0,1519
3901,0,1518
3902,1,1520
3903,0,1521
3904,0,1519
3905,0,1522
3906,0,1527
3907,0,1527
3908,0,1524
3909,0,1522
3910,0,1522
3911,0,1527
3912,0,1525
3913,0,1527
3914,0,1526
3915,0,1525
3916,0,1519
3917,0,1522
3918,0,1525
3919,0,1523
3920,0,1513
3921,0,1513
3922,0,1518
3923,0,1517
3924,0,1517
3925,0,1517
3926,0,1509
3927,0,1513
3928,0,1516
3929,0,1512
3930,1,1513
3931,2,1517
3932,0,1514
3933,0,1524
3934,0,1518
3935,0,1517
3936,0,1519
3937,0,1521
3938,0,1525
3939,0,1526
3940,0,1523
3941,0,1520
3942,0,1521
3943,0,1518
3944,0,1519
3945,0,1517
3946,0,1524
3947,0,1517
3948,0,1517
3949,0,1513
3950,0,1512
3951,0,1515
3952,0,1517
3953,0,1518
3954,0,1525
3955,0,1525
3956,0,1528
3957,0,1527
3958,0,1527
3959,0,1520
3960,0,1517
3961,0,1513
3962,2,1516
3963,0,1516
3964,0,1519
3965,0,1518
3966,1,1523
3967,0,1520
3968,0,1522
3969,0,1523
3970,0,1525
3971,0,1521
3972,0,1519
3973,0,1518
3974,0,1513
3975,0,1517
3976,0,1519
3977,0,1518
3978,0,1518
3979,0,1518
3980,0,1513
3981,0,1509
3982,0,1504
3983,0,1508
3984,2,1506
3985,0,1511
3986,0,1514
3987,0,1521
3988,0,1521
3989,0,1520
3990,0,1516
3991,0,1518
3992,0,1520
3993,0,1516
3994,0,1517
3995,0,1523
3996,0,1514
3997,0,1517
3998,0,1517
3999,0,1521
4000,0,1521
4001,0,1529
4002,0,1530
4003,0,1533
4004,0,1533
4005,0,1529
4006,0,1532
4007,0,1531
4008,0,1528
4009,0,1520
4010,0,1519
4011,0,1519
4012,0,1523
4013,0,1524
4014,0,1526
4015,0,1526
4016,0,1527
4017,0,1530
4018,0,1530
4019,0,1529
4020,0,1527
4021,0,1532
4022,0,1526
4023,0,1522
4024,0,1515
4025,0,1509
4026,0,1507
4027,0,1508
4028,0,1509
4029,0,1506
4030,0,1509
4031,2,1507
4032,0,1507
4033,0,1508
4034,0,1511
4035,0,1513
4036,0,1509
4037,0,1511
4038,0,1516
4039,0,1515
4040,0,1515
4041,0,1515
4042,0,1515
4043,0,1526
4044,0,1527
4045,1,1525
4046,0,1522
4047,0,1514
4048,0,1519
4049,0,1517
4050,0,1519
4051,0,1522
4052,0,1519
4053,0,1513
4054,0,1514
4055,0,1510
4056,0,1513
4057,0,1513
4058,0,1516
4059,0,1520
4060,0,1521
4061,0,1522
4062,0,1520
4063,0,1521
4064,0,1525
4065,0,1526
4066,0,1528
4067,0,1527
4068,0,1524
4069,0,1527
4070,0,1535
4071,0,1536
4072,0,1528
4073,0,1531
4074,0,1529
4075,0,1532
4076,0,1532
4077,0,1536
4078,0,1539
4079,0,1530
4080,0,1535
4081,0,1537
4082,0,1538
4083,0,1536
4084,0,1531
4085,0,1534
4086,0,1536
4087,0,1537
4088,0,1538
4089,0,1532
4090,0,1534
4091,0,1536
4092,0,1536
4093,0,1532
4094,0,1531
4095,0,1530
4096,0,1531
4097,0,1530
4098,0,1529
4099,0,1531
4100,0,1530
4101,0,1530
4102,0,1535
4103,0,1533
4104,0,1533
4105,0,1538
4106,0,1543
4107,0,1538
4108,0,1537
4109,0,1541
4110,0,1542
4111,0,1536
4112,0,1537
4113,0,1539
4114,0,1547
4115,0,1542
4116,0,1540
4117,0,1541
4118,0,1540
4119,0,1541
4120,0,1546
4121,0,1547
4122,0,1553
4123,0,1552
4124,0,1551
4125,0,1553
4126,0,1552
4127,0,1552
4128,0,1553
4129,0,1551
4130,0,1555
4131,0,1556
4132,0,1560
4133,0,1565
4134,0,1559
4135,0,1563
4136,0,1564
4137,0,1561
4138,0,1563
4139,0,1565
4140,0,1556
4141,0,1547
4142,0,1554
4143,0,1562
4144,0,1562
4145,0,1555
4146,0,1547
4147,0,1552
4148,0,1553
4149,0,1555
4150,0,1558
4151,0,1566
4152,0,1558
4153,0,1571
4154,0,1559
4155,0,1565
4156,0,1574
4157,0,1586
4158,0,1589
4159,0,1569
4160,0,1571
4161,0,1572
4162,0,1569
4163,0,1567
4164,0,1571
4165,0,1576
4166,0,1580
4167,0,1572
4168,0,1585
4169,0,1594
4170,0,1595
4171,0,1612
4172,0,1602
4173,0,1596
4174,0,1600
4175,0,1606
4176,0,1610
4177,0,1613
4178,0,1610
4179,0,1607
4180,0,1619
4181,0,1596
4182,0,1602
4183,0,1627
4184,0,1605
4185,0,1615
4186,0,1650
4187,0,1618
4188,0,1626
4189,0,1624
4190,0,1628
4191,0,1638
4192,0,1634
4193,0,1641
4194,0,1639
4195,0,1640
4196,0,1638
4197,0,1639
4198,0,1649
4199,0,1646
4200,0,1664
4201,0,1663
4202,0,1660
4203,0,1666
4204,0,1662
4205,0,1676
4206,0,1662
4207,0,1668
4208,0,1663
4209,0,1663
4210,0,1660
4211,0,1694
4212,0,1682
4213,0,1685
4214,0,1698
4215,0,1706
4216,0,1712
4217,0,1722
4218,0,1728
4219,0,1733
4220,1,1724
4221,0,1732
4222,0,1743
4223,0,1751
4224,0,1741
4225,0,1756
4226,0,1742
4227,0,1757
4228,0,1754
4229,3,1755
4230,0,1779
4231,0,1764
4232,0,1779
4233,0,1776
4234,0,1788
4235,5,1769
4236,0,1794
4237,2,1788
4238,0,1785
4239,0,1776
4240,0,1721
4241,4,1715
4242,0,1713
4243,11,1659
4244,0,1648
4245,0,1651
4246,0,1678
4247,0,1668
4248,0,1682
4249,15,1523
4250,0,1554
4251,0,1522
4252,0,1513
4253,5,1529
4254,0,1538
4255,64,1440
4256,5,1425
4257,0,1411
4258,1,1408
4259,1,1411
4260,0,1436
4261,19,1362
4262,1,1364
4263,0,1342
4264,3,1370
4265,0,1386
4266,0,1364
4267,3,1382
4268,14,1413
4269,0,1392
4270,13,1364
4271,12,1368
4272,0,1369
4273,16,1367
4274,28,1373
4275,0,1377
4276,26,1380
4277,10,1365
4278,0,1375
4279,14,1380
4280,1,1377
4281,0,1417
4282,2,1409
4283,8,1391
4284,0,1388
4285,2,1401
4286,3,1424
4287,0,1445
4288,3,1440
4289,3,1411
4290,0,1432
4291,15,1429
4292,17,1421
4293,4,1366
4294,6,1345
4295,3,1337
4296,0,1351
4297,7,1380
4298,0,1378
4299,0,1387
4300,6,1360
4301,13,1364
4302,0,1383
4303,9,1361
4304,7,1357
4305,0,1373
4306,19,1393
4307,20,1409
4308,0,1372
4309,28,1396
4310,27,1398
4311,1,1415
4312,33,1409
4313,95,1418
4314,0,1420
4315,70,1410
4316,101,1392
4317,0,1381
4318,143,1351
4319,94,1330
4320,0,1334
4321,99,1316
4322,106,1309
4323,0,1291
4324,112,1279
4325,132,1261
4326,0,1263
4327,121,1246
4328,174,1236
4329,0,1236
4330,80,1200
4331,88,1194
4332,0,1212
4333,85,1173
4334,65,1186
4335,2,1201
4336,86,1212
4337,98,1198
4338,0,1187
4339,85,1163
4340,69,1167
4341,0,1141
4342,55,1129
4343,56,1128
4344,0,1132
4345,87,1071
4346,43,1062
4347,0,1061
4348,42,1064
4349,28,1067
4350,0,1068
4351,35,1071
4352,23,1085
4353,0,1056
4354,24,1040
4355,15,1060
4356,0,1047
4357,6,1026
4358,8,1035
4359,0,1013
4360,9,1014
4361,17,1002
4362,0,973
4363,32,989
4364,30,974
4365,0,973
4366,42,988
4367,50,979
4368,0,981
4369,90,1009
4370,70,980
4371,0,995
4372,46,1003
4373,49,1004
4374,0,1020
4375,58,993
4376,52,979
4377,0,987
4378,63,985
4379,50,982
4380,0,979
4381,58,1009
4382,34,977
4383,0,984
4384,52,973
4385,51,971
4386,0,960
4387,47,960
4388,45,938
4389,0,939
4390,50,935
4391,42,929
4392,0,915
4393,30,903
4394,54,892
4395,0,870
4396,54,874
4397,52,870
4398,0,870
4399,51,861
4400,50,859
4401,0,827
4402,43,818
4403,42,813
4404,0,809
4405,25,783
4406,26,782
4407,0,788
4408,43,775
4409,48,749
4410,0,739
4411,42,760
4412,58,756
4413,0,754
4414,86,761
4415,95,767
4416,0,787
4417,133,811
4418,141,798
4419,0,829
4420,181,832
4421,191,852
4422,0,841
4423,195,832
4424,207,856
4425,0,875
4426,229,865
4427,255,887
4428,0,902
4429,255,875
4430,248,902
4431,0,876
4432,260,880
4433,244,888
4434,0,885
4435,231,875
4436,218,903
4437,0,889
4438,204,868
4439,177,877
4440,0,872
4441,192,882
4442,166,903
4443,0,926
4444,199,941
4445,179,927
4446,0,933
4447,157,948
4448,197,987
4449,1,998
4450,178,1001
4451,184,1021
4452,0,1020
4453,158,1015
4454,135,1031
4455,0,1029
4456,166,1036
4457,165,1034
4458,0,1044
4459,130,1038
4460,133,1022
4461,0,1031
4462,133,1028
4463,197,1037
4464,0,1044
4465,177,1042
4466,234,1070
4467,1,1075
4468,199,1096
4469,221,1116
4470,0,1090
4471,256,1113
4472,202,1122
4473,0,1137
4474,225,1166
4475,269,1171
4476,0,1137
4477,306,1143
4478,297,1147
4479,3,1097
4480,303,1074
4481,256,1084
4482,1,1068
4483,288,1015
4484,313,1013
4485,0,1016
4486,253,981
4487,251,943
4488,0,944
4489,283,961
4490,263,972
4491,3,987
4492,285,977
4493,294,981
4494,0,978
4495,245,954
4496,245,975
4497,1,1000
4498,285,1022
4499,313,1028
4500,0,1048
4501,344,1053
4502,291,1093
4503,0,1085
4504,377,1098
4505,331,1141
4506,0,1162
4507,232,1193
4508,220,1198
4509,0,1207
4510,284,1229
4511,243,1233
4512,0,1254
4513,233,1264
4514,237,1286
4515,0,1288
4516,229,1286
4517,219,1286
4518,0,1272
4519,211,1304
4520,218,1287
4521,0,1305
4522,221,1301
4523,225,1280
4524,0,1266
4525,224,1293
4526,175,1314
4527,0,1307
4528,190,1274
4529,267,1332
4530,0,1349
4531,186,1363
4532,125,1364
4533,0,1351
4534,85,1352
4535,101,1373
4536,0,1358
4537,84,1360
4538,64,1357
4539,0,1345
4540,95,1318
4541,59,1308
4542,0,1305
4543,90,1306
4544,66,1273
4545,0,1253
4546,77,1234
4547,67,1206
4548,0,1205
4549,46,1154
4550,51,1148
4551,0,1130
4552,49,1149
4553,77,1156
4554,0,1167
4555,93,1177
4556,87,1173
4557,0,1174
4558,120,1087
4559,120,1088
4560,0,1096
4561,122,1062
4562,130,1068
4563,2,1081
4564,83,1042
4565,92,998
4566,0,981
4567,64,995
4568,68,974
4569,0,959
4570,57,955
4571,79,927
4572,0,910
4573,61,900
4574,67,900
4575,0,897
4576,55,892
4577,52,875
4578,0,858
4579,56,856
4580,27,811
4581,0,836
4582,46,814
4583,44,817
4584,0,845
4585,59,868
4586,63,857
4587,0,859
4588,65,855
4589,78,856
4590,0,882
4591,88,881
4592,126,906
4593,0,936
4594,125,953
4595,124,953
4596,0,965
4597,145,979
4598,129,983
4599,0,989
4600,134,972
4601,137,975
4602,0,982
4603,133,934
4604,125,952
4605,0,973
4606,136,978
4607,121,957
4608,0,953
4609,102,954
4610,79,960
4611,0,955
4612,79,942
4613,74,956
4614,0,955
4615,58,947
4616,50,939
4617,0,923
4618,38,890
4619,25,888
4620,0,864
4621,10,875
4622,11,874
4623,0,847
4624,33,783
4625,0,752
4626,0,764
4627,12,764
4628,15,741
4629,16,754
4630,10,748
4631,41,772
4632,51,752
4633,70,742
4634,81,767
4635,52,747
4636,53,753
4637,40,747
4638,66,778
4639,22,802
4640,19,813
4641,54,821
4642,8,843
4643,29,821
4644,37,826
4645,14,820
4646,27,849
4647,18,851
4648,16,852
4649,66,846
4650,3,849
4651,85,839
4652,90,857
4653,0,823
4654,51,836
4655,65,848
4656,0,835
4657,75,852
4658,120,859
4659,0,865
4660,100,823
4661,57,813
4662,0,826
4663,71,809
4664,81,804
4665,0,809
4666,99,804
4667,97,789
4668,0,769
4669,126,753
4670,90,717
4671,0,710
4672,112,704
4673,148,699
4674,0,696
4675,135,671
4676,132,636
4677,0,616
4678,114,600
4679,121,578
4680,1,572
4681,90,570
4682,97,569
4683,0,579
4684,83,591
4685,94,569
4686,1,568
4687,89,560
4688,112,555
4689,0,559
4690,94,566
4691,100,576
4692,0,574
4693,112,570
4694,123,582
4695,0,577
4696,125,574
4697,132,579
4698,0,584
4699,132,607
4700,126,606
4701,0,605
4702,169,607
4703,159,592
4704,0,572
4705,128,572
4706,157,565
4707,0,558
4708,154,574
4709,174,593
4710,0,597
4711,159,634
4712,179,623
4713,9,648
4714,155,669
4715,164,727
4716,39,750
4717,131,777
4718,122,805
4719,39,820
4720,198,813
4721,240,842
4722,22,843
4723,332,833
4724,359,847
4725,3,871
4726,265,848
4727,267,822
4728,0,833
4729,303,837
4730,307,783
4731,0,776
4732,260,767
4733,272,774
4734,0,745
4735,273,707
4736,306,722
4737,0,694
4738,233,664
4739,296,695
4740,0,662
4741,253,667
4742,231,674
4743,14,693
4744,207,691
4745,148,696
4746,38,658
4747,130,640
4748,151,610
4749,46,641
4750,84,607
4751,92,595
4752,45,589
4753,42,550
4754,25,517
4755,43,515
4756,22,488
4757,44,474
4758,42,465
4759,51,462
4760,17,443
4761,2,424
4762,7,422
4763,8,427
4764,0,417
4765,17,401
4766,11,349
4767,0,357
4768,3,333
4769,4,340
4770,0,333
4771,0,328
4772,0,325
4773,0,309
4774,17,307
4775,10,303
4776,0,291
4777,13,288
4778,2,261
4779,0,258
4780,1,253
4781,0,253
4782,0,253
4783,0,241
4784,1,234
4785,0,230
4786,0,218
4787,0,212
4788,0,211
4789,0,212
4790,0,211
4791,0,211
4792,0,210
4793,0,211
4794,0,212
4795,1,203
4796,0,202
4797,0,202
4798,0,202
4799,0,201
4800,0,201
4801,0,200
4802,0,200
4803,0,199
4804,0,199
4805,0,199
4806,0,199
4807,0,200
4808,0,200
4809,0,199
4810,0,199
4811,0,199
4812,0,201
4813,0,200
4814,0,199
4815,0,201
4816,0,202
4817,0,199
4818,0,200
4819,0,201
4820,0,195
4821,0,194
4822,0,195
4823,0,195
4824,0,196
4825,0,198
4826,0,198
4827,0,197
4828,0,199
4829,0,195
4830,0,197
4831,0,195
4832,0,195
4833,0,194
4834,0,192
4835,0,191
4836,0,192
4837,0,192
4838,0,191
4839,0,192
4840,0,192
4841,0,190
4842,0,190
4843,0,189
4844,0,192
4845,0,194
4846,0,192
4847,0,191
4848,0,193
4849,0,191
4850,0,192
4851,0,192
4852,0,192
4853,0,193
4854,0,193
4855,0,194
4856,0,194
4857,0,194
4858,0,194
4859,0,200
4860,0,197
4861,0,199
4862,0,200
4863,0,199
4864,0,199
4865,0,199
4866,0,199
4867,0,200
4868,0,199
4869,0,198
4870,0,197
4871,0,197
4872,0,197
4873,0,198
4874,0,198
4875,0,200
4876,0,200
4877,0,200
4878,0,200
4879,0,199
4880,0,199
4881,0,199
4882,0,198
4883,0,197
4884,0,201
4885,0,201
4886,0,200
4887,0,201
4888,0,200
4889,0,202
4890,0,202
4891,0,203
4892,0,202
4893,0,202
4894,0,202
4895,0,200
4896,0,199
4897,0,199
4898,0,199
4899,0,198
4900,0,198
4901,0,198
4902,0,199
4903,0,198
4904,0,198
4905,0,197
4906,0,197
4907,0,197
4908,0,197
4909,0,195
4910,0,196
4911,0,194
4912,0,193
4913,0,193
4914,0,194
4915,0,194
4916,0,199
4917,0,231
4918,1,252
4919,38,256
4920,3,261
4921,3,275
4922,61,274
4923,0,274
4924,0,277
4925,54,270
4926,9,288
4927,13,325
4928,72,338
4929,18,358
4930,15,390
4931,102,386
4932,25,416
4933,21,429
4934,140,437
4935,26,434
4936,23,407
4937,139,412
4938,24,391
4939,19,389
4940,120,384
4941,27,408
4942,14,428
4943,118,412
4944,7,394
4945,13,390
4946,13,384
4947,8,381
4948,0,374
4949,0,365
4950,29,362
4951,38,344
4952,0,335
4953,24,322
4954,25,320
4955,0,326
4956,4,306
4957,31,281
4958,0,276
4959,5,259
4960,27,253
4961,0,256
4962,27,256
4963,23,257
4964,0,253
4965,22,256
4966,22,264
4967,0,278
4968,2,293
4969,2,306
4970,1,307
4971,2,322
4972,9,327
4973,97,326
4974,20,334
4975,26,347
4976,69,354
4977,15,366
4978,7,373
4979,94,362
4980,18,379
4981,8,369
4982,133,369
4983,30,375
4984,33,365
4985,83,367
4986,27,382
4987,13,375
4988,37,373
4989,24,358
4990,14,364
4991,16,362
4992,33,354
4993,25,345
4994,0,340
4995,13,338
4996,19,330
4997,0,330
4998,4,312
4999,18,303
5000,1,302
5001,25,283
5002,24,284
5003,0,286
5004,11,298
5005,21,292
5006,0,287
5007,1,269
5008,0,265
5009,0,262
5010,4,250
5011,0,245
5012,0,239
5013,9,238
5014,5,238
5015,0,235
5016,0,235
5017,0,230
5018,0,225
5019,0,211
5020,0,210
5021,13,214
5022,0,227
5023,0,232
5024,22,228
5025,1,230
5026,0,228
5027,30,226
5028,0,230
5029,1,230
5030,33,233
5031,3,232
5032,2,229
5033,29,227
5034,2,236
5035,4,236
5036,30,231
5037,1,235
5038,3,230
5039,7,237
5040,3,234
5041,0,226
5042,2,222
5043,6,224
5044,1,225
5045,1,217
5046,0,222
5047,0,226
5048,5,227
5049,1,236
5050,3,243
5051,14,253
5052,13,269
5053,23,281
5054,51,288
5055,42,311
5056,31,325
5057,83,340
5058,20,348
5059,29,389
5060,123,392
5061,18,412
5062,42,443
5063,131,472
5064,40,479
5065,49,488
5066,132,515
5067,53,540
5068,42,542
5069,140,553
5070,68,582
5071,26,597
5072,99,583
5073,50,600
5074,41,592
5075,81,594
5076,35,590
5077,78,573
5078,56,572
5079,69,547
5080,63,543
5081,53,527
5082,90,534
5083,102,533
5084,30,509
5085,81,497
5086,43,485
5087,8,484
5088,80,463
5089,90,429
5090,12,436
5091,75,441
5092,66,417
5093,9,408
5094,28,410
5095,36,399
5096,0,393
5097,40,363
5098,46,356
5099,21,358
5100,16,334
5101,4,306
5102,0,306
5103,7,297
5104,7,286
5105,0,289
5106,38,278
5107,0,271
5108,0,267
5109,0,259
5110,8,263
5111,0,261
5112,39,271
5113,2,270
5114,0,266
5115,0,258
5116,0,246
5117,0,234
5118,1,215
5119,0,206
5120,0,202
5121,0,200
5122,0,199
5123,0,199
5124,0,198
5125,0,194
5126,0,193
5127,0,194
5128,0,193
5129,0,193
5130,0,194
5131,0,193
5132,0,192
5133,0,191
5134,0,189
5135,0,188
5136,0,188
5137,0,189
5138,0,189
5139,0,188
5140,0,186
5141,0,186
5142,0,186
5143,0,187
5144,0,187
5145,0,187
5146,0,186
5147,0,186
5148,0,186
5149,0,186
5150,0,187
5151,0,186
5152,0,186
5153,0,186
5154,0,186
5155,0,186
5156,0,185
5157,0,185
5158,0,185
5159,0,184
5160,0,183
5161,0,183
5162,0,183
5163,0,183
5164,0,183
5165,0,183
5166,0,183
5167,0,183
5168,0,181
5169,0,181
5170,0,179
5171,0,178
5172,0,178
5173,0,179
5174,0,179
5175,0,181
5176,0,181
5177,0,183
5178,0,182
5179,0,182
5180,0,182
5181,0,182
5182,0,182
5183,0,182
5184,0,183
5185,0,183
5186,0,182
5187,0,181
5188,0,181
5189,0,181
5190,0,180
5191,0,180
5192,0,181
5193,0,183
5194,0,183
5195,0,190
5196,0,188
5197,0,188
5198,0,189
5199,0,190
5200,0,190
5201,0,190
5202,0,190
5203,0,189
5204,0,189
5205,0,189
5206,0,188
5207,0,188
5208,0,186
5209,0,187
5210,0,187
5211,0,186
5212,0,187
5213,0,185
5214,0,185
5215,0,185
5216,0,185
5217,0,185
5218,0,184
5219,0,184
5220,0,184
5221,0,184
5222,0,184
5223,0,183
5224,0,183
5225,0,183
5226,0,185
5227,0,184
5228,0,184
5229,0,185
5230,0,185
5231,0,185
5232,0,186
5233,0,187
5234,0,187
5235,0,188
5236,0,187
5237,0,186
5238,0,187
5239,0,186
5240,0,186
5241,0,185
5242,0,184
5243,0,184
5244,0,184
5245,0,181
5246,0,181
5247,0,182
5248,0,182
5249,0,183
5250,0,182
5251,0,183
5252,0,183
5253,0,184
5254,0,184
5255,0,184
5256,0,182
5257,12,198
5258,2,225
5259,40,238
5260,15,268
5261,16,284
5262,75,300
5263,15,315
5264,21,326
5265,79,331
5266,56,343
5267,63,341
5268,55,354
5269,89,342
5270,75,345
5271,5,345
5272,55,338
5273,49,332
5274,5,335
5275,51,337
5276,77,352
5277,0,351
5278,114,345
5279,135,344
5280,1,345
5281,125,341
5282,114,331
5283,0,334
5284,77,335
5285,46,330
5286,0,339
5287,13,339
5288,7,331
5289,0,344
5290,0,360
5291,13,379
5292,3,410
5293,27,422
5294,36,428
5295,1,446
5296,48,447
5297,68,456
5298,0,464
5299,82,477
5300,87,468
5301,0,476
5302,87,464
5303,80,488
5304,0,495
5305,120,502
5306,138,489
5307,0,507
5308,128,486
5309,104,492
5310,0,488
5311,108,472
5312,109,467
5313,0,477
5314,99,468
5315,96,461
5316,0,461
5317,51,457
5318,38,465
5319,0,448
5320,14,450
5321,12,458
5322,0,460
5323,0,445
5324,0,431
5325,0,431
5326,0,434
5327,2,434
5328,0,439
5329,0,444
5330,0,452
5331,8,460
5332,6,457
5333,0,463
5334,7,468
5335,10,469
5336,3,465
5337,4,456
5338,6,458
5339,10,479
5340,11,484
5341,44,469
5342,40,458
5343,0,467
5344,57,471
5345,80,462
5346,0,468
5347,63,474
5348,97,477
5349,0,473
5350,78,455
5351,84,466
5352,2,478
5353,73,498
5354,85,530
5355,0,541
5356,75,567
5357,52,592
5358,0,592
5359,51,605
5360,70,590
5361,1,584
5362,111,597
5363,95,574
5364,1,577
5365,118,589
5366,118,576
5367,0,572
5368,94,573
5369,123,567
5370,0,556
5371,132,558
5372,132,562
5373,0,545
5374,99,544
5375,91,545
5376,0,534
5377,53,531
5378,39,532
5379,0,531
5380,18,519
5381,17,523
5382,0,537
5383,16,535
5384,16,528
5385,0,535
5386,26,535
5387,41,555
5388,0,566
5389,11,584
5390,0,602
5391,0,600
5392,2,589
5393,37,598
5394,0,594
5395,99,613
5396,128,629
5397,0,625
5398,116,625
5399,126,615
5400,0,608
5401,134,631
5402,119,604
5403,0,631
5404,102,598
5405,89,604
5406,0,596
5407,49,614
5408,21,612
5409,0,600
5410,1,598
5411,0,632
5412,0,610
5413,0,616
5414,0,633
5415,0,625
5416,8,632
5417,5,657
5418,0,666
5419,17,706
5420,24,700
5421,0,695
5422,26,704
5423,18,717
5424,0,711
5425,53,703
5426,54,712
5427,0,704
5428,30,696
5429,27,697
5430,0,686
5431,36,689
5432,26,666
5433,0,669
5434,34,664
5435,41,664
5436,0,668
5437,18,671
5438,26,671
5439,0,690
5440,28,688
5441,21,685
5442,0,694
5443,28,689
5444,31,710
5445,0,661
5446,35,666
5447,23,684
5448,0,701
5449,13,697
5450,3,716
5451,0,729
5452,3,726
5453,3,713
5454,0,713
5455,0,716
5456,0,698
5457,0,701
5458,0,708
5459,0,710
5460,0,699
5461,0,692
5462,0,696
5463,0,695
5464,0,696
5465,0,696
5466,0,685
5467,0,692
5468,0,688
5469,0,688
5470,0,704
5471,0,693
5472,0,691
5473,0,688
5474,0,690
5475,0,691
5476,0,683
5477,0,691
5478,0,687
5479,4,696
5480,10,694
5481,0,706
5482,15,709
5483,17,707
5484,0,718
5485,22,715
5486,28,733
5487,0,735
5488,26,742
5489,28,751
5490,0,756
5491,20,752
5492,22,774
5493,0,787
5494,19,779
5495,20,782
5496,0,782
5497,15,794
5498,10,797
5499,0,811
5500,5,817
5501,0,825
5502,0,840
5503,0,848
5504,0,850
5505,0,851
5506,0,859
5507,1,886
5508,0,903
5509,0,917
5510,0,921
5511,0,913
5512,0,936
5513,0,936
5514,0,947
5515,0,943
5516,0,949
5517,0,945
5518,0,943
5519,13,959
5520,0,998
5521,31,1003
5522,0,1018
5523,0,1034
5524,11,1040
5525,23,1060
5526,0,1064
5527,50,1083
5528,76,1124
5529,0,1137
5530,47,1171
5531,35,1200
5532,0,1213
5533,34,1224
5534,10,1245
5535,0,1268
5536,28,1287
5537,1,1291
5538,0,1295
5539,5,1306
5540,25,1329
5541,0,1340
5542,45,1353
5543,38,1367
5544,0,1368
5545,34,1370
5546,24,1370
5547,0,1380
5548,14,1382
5549,10,1396
5550,0,1388
5551,0,1403
5552,0,1424
5553,0,1408
5554,0,1416
5555,0,1436
5556,0,1423
5557,0,1438
5558,0,1429
5559,0,1440
5560,0,1454
5561,0,1455
5562,0,1451
5563,12,1459
5564,13,1443
5565,0,1441
5566,16,1447
5567,11,1431
5568,0,1425
5569,9,1412
5570,7,1378
5571,0,1372
5572,0,1371
5573,0,1378
5574,0,1394
5575,1,1390
5576,0,1401
5577,0,1379
5578,0,1376
5579,0,1386
5580,0,1396
5581,0,1378
5582,0,1385
5583,0,1376
5584,0,1398
5585,0,1413
5586,0,1394
5587,0,1423
5588,0,1436
5589,0,1446
5590,0,1441
5591,0,1455
5592,0,1458
5593,0,1448
5594,0,1450
5595,0,1480
5596,0,1465
5597,0,1477
5598,0,1469
5599,0,1475
5600,0,1475
5601,0,1473
5602,0,1486
5603,0,1490
5604,0,1501
5605,0,1489
5606,6,1497
5607,0,1488
5608,1,1483
5609,1,1465
5610,0,1465
5611,7,1454
5612,2,1444
5613,0,1438
5614,0,1440
5615,0,1427
5616,0,1413
5617,0,1423
5618,0,1420
5619,0,1423
5620,0,1423
5621,0,1429
5622,0,1425
5623,0,1428
5624,0,1435
5625,0,1436
5626,0,1432
5627,0,1424
5628,0,1421
5629,0,1428
5630,0,1422
5631,0,1425
5632,0,1427
5633,0,1428
5634,0,1439
5635,0,1428
5636,0,1446
5637,0,1432
5638,0,1440
5639,0,1434
5640,0,1432
5641,0,1441
5642,0,1432
5643,0,1441
5644,0,1444
5645,0,1464
5646,0,1466
5647,0,1471
5648,0,1475
5649,0,1479
5650,0,1487
5651,0,1494
5652,0,1489
5653,0,1490
5654,0,1498
5655,0,1494
5656,0,1484
5657,0,1490
5658,0,1487
5659,0,1485
5660,0,1490
5661,0,1485
5662,0,1478
5663,0,1477
5664,0,1474
5665,0,1484
5666,0,1495
5667,0,1495
5668,0,1490
5669,0,1491
5670,0,1493
5671,0,1495
5672,0,1499
5673,0,1498
5674,0,1490
5675,0,1492
5676,0,1483
5677,0,1485
5678,0,1487
5679,0,1490
5680,0,1481
5681,0,1491
5682,0,1495
5683,0,1501
5684,0,1495
5685,0,1499
5686,0,1494
5687,0,1490
5688,0,1497
5689,0,1500
5690,0,1499
5691,0,1492
5692,0,1496
5693,0,1490
5694,0,1495
5695,0,1493
5696,0,1498
5697,0,1500
5698,0,1497
5699,0,1493
5700,0,1500
5701,0,1507
5702,0,1504
5703,0,1510
5704,0,1510
5705,0,1514
5706,0,1511
5707,0,1515
5708,0,1517
5709,0,1515
5710,0,1520
5711,0,1528
5712,0,1530
5713,0,1537
5714,0,1538
5715,0,1535
5716,0,1535
5717,0,1534
5718,0,1542
5719,0,1538
5720,0,1569
5721,0,1572
5722,0,1570
5723,0,1569
5724,0,1575
5725,0,1573
5726,0,1576
5727,0,1575
5728,0,1575
5729,0,1578
5730,0,1580
5731,0,1581
5732,0,1580
5733,0,1582
5734,0,1584
5735,0,1583
5736,0,1582
5737,0,1586
