Frame Number,Moving Density,Queue Density
1,0,0
2,178,4457
3,61,4479
4,28,4565
5,287,4618
6,15,4654
7,141,4650
8,154,4711
9,174,4700
10,108,4713
11,131,4666
12,155,4612
13,225,4561
14,5,4488
15,210,4477
16,71,4465
17,123,4434
18,309,4461
19,41,4481
20,137,4398
21,0,4421
22,153,4454
23,192,4468
24,372,4477
25,8,4497
26,124,4449
27,0,4426
28,47,4432
29,185,4481
30,340,4477
31,176,4486
32,303,4433
33,1,4431
34,0,4449
35,418,4436
36,217,4445
37,127,1983
38,231,4474
39,235,4475
40,55,4470
41,0,4489
42,23,4494
43,338,4528
44,109,4541
45,146,4552
46,305,4562
47,0,4580
48,193,4590
49,237,4591
50,18,4597
51,151,4605
52,94,4604
53,107,4602
54,0,4604
55,84,4616
56,0,4623
57,172,4619
58,108,4626
59,141,4629
60,242,4619
61,63,4627
62,45,4628
63,0,4629
64,204,4645
65,0,4633
66,160,4649
67,178,4654
68,164,4643
69,134,4639
70,1,4625
71,0,4631
72,72,4633
73,75,4639
74,0,4629
75,0,4634
76,207,4627
77,99,4623
78,0,4640
79,3,4648
80,0,4644
81,0,4646
82,148,4663
83,87,4698
84,16,4730
85,54,4752
86,64,4734
87,26,4748
88,259,4778
89,11,4714
90,2,4710
91,95,4645
92,55,4593
93,71,4573
94,93,4563
95,101,4573
96,28,4610
97,43,4620
98,85,4657
99,165,4640
100,127,4659
101,122,4652
102,128,4652
103,147,4629
104,154,4640
105,125,4673
106,179,4694
107,188,4767
108,260,4782
109,182,4840
110,270,4886
111,337,4916
112,169,4947
113,176,4979
114,76,4974
115,249,4977
116,257,5005
117,120,5033
118,118,5048
119,309,5041
120,57,5077
121,328,5046
122,151,5006
123,58,4981
124,65,4964
125,56,4931
126,181,4946
127,346,4881
128,521,4836
129,247,4823
130,379,4832
131,102,4821
132,76,4814
133,181,4808
134,51,4828
135,3,4837
136,478,4847
137,91,4846
138,3,4823
139,313,4787
140,140,4793
141,221,4812
142,449,4836
143,296,4864
144,0,4845
145,282,4841
146,36,4828
147,0,4830
148,80,4804
149,326,4799
150,66,4787
151,236,4789
152,228,4763
153,0,4764
154,242,4750
155,193,4750
156,37,4750
157,188,4749
158,196,4741
159,0,4739
160,122,4721
161,157,4732
162,0,4737
163,193,4749
164,0,4724
165,0,4740
166,80,4721
167,146,4722
168,0,4707
169,19,4715
170,15,4684
171,2,4659
172,8,4660
173,6,4663
174,0,4652
175,58,4665
176,5,4648
177,0,4646
178,0,4645
179,0,4636
180,0,4649
181,0,4670
182,1,4691
183,0,4685
184,1,4677
185,19,4703
186,0,4690
187,0,4691
188,0,4705
189,0,4711
190,0,4706
191,0,4707
192,0,4694
193,0,4711
194,0,4703
195,0,4695
196,0,4702
197,0,4720
198,0,4700
199,0,4713
200,0,4718
201,0,4713
202,0,4726
203,0,4728
204,0,4721
205,0,4732
206,0,4724
207,0,4728
208,0,4723
209,0,4721
210,0,4717
211,0,4721
212,0,4712
213,0,4716
214,11,4714
215,0,4701
216,0,4700
217,0,4702
218,0,4700
219,0,4699
220,0,4682
221,0,4672
222,0,4674
223,0,4662
224,16,4665
225,0,4672
226,0,4669
227,0,4673
228,0,4680
229,0,4682
230,29,4680
231,0,4691
232,0,4691
233,0,4694
234,0,4699
235,1,4697
236,10,4697
237,0,4708
238,0,4704
239,33,4695
240,0,4687
241,10,4661
242,0,4661
243,0,4664
244,0,4666
245,0,4661
246,0,4669
247,0,4670
248,0,4673
249,0,4667
250,0,4671
251,0,4672
252,0,4681
253,0,4688
254,0,4688
255,0,4683
256,6,4683
257,0,4676
258,0,4682
259,0,4680
260,0,4677
261,0,4671
262,0,4676
263,0,4675
264,0,4679
265,0,4682
266,0,4676
267,0,4682
268,0,4685
269,0,4690
270,0,4660
271,0,4662
272,0,4663
273,0,4663
274,0,4662
275,0,4671
276,0,4688
277,2,4688
278,0,4688
279,0,4683
280,0,4673
281,0,4671
282,0,4678
283,0,4675
284,0,4672
285,0,4668
286,0,4670
287,0,4664
288,0,4675
289,0,4686
290,0,4693
291,0,4691
292,0,4694
293,0,4698
294,0,4699
295,32,4696
296,0,4693
297,0,4690
298,0,4688
299,0,4704
300,0,4698
301,0,4696
302,0,4701
303,0,4690
304,0,4702
305,0,4704
306,0,4708
307,0,4705
308,0,4710
309,0,4713
310,1,4707
311,8,4712
312,3,4701
313,15,4707
314,27,4706
315,0,4705
316,23,4708
317,8,4710
318,0,4709
319,0,4698
320,57,4664
321,16,4668
322,44,4667
323,0,4665
324,0,4659
325,0,4668
326,0,4666
327,0,4678
328,0,4681
329,0,4677
330,0,4676
331,0,4681
332,0,4683
333,0,4682
334,0,4682
335,0,4684
336,0,4687
337,0,4685
338,0,4685
339,0,4691
340,0,4701
341,34,4719
342,22,4728
343,34,4722
344,18,4725
345,70,4739
346,20,4738
347,4,4741
348,15,4748
349,27,4742
350,2,4729
351,0,4719
352,0,4710
353,0,4694
354,0,4690
355,0,4697
356,17,4710
357,121,4722
358,0,4730
359,13,4729
360,131,4735
361,0,4739
362,81,4750
363,98,4756
364,82,4767
365,0,4763
366,0,4768
367,136,4758
368,171,4749
369,158,4752
370,238,4762
371,1,4769
372,146,4764
373,197,4772
374,183,4763
375,72,4758
376,0,4765
377,189,4772
378,0,4763
379,198,4760
380,35,4760
381,25,4763
382,0,4761
383,178,4755
384,8,4751
385,124,4756
386,9,4757
387,17,4758
388,0,4757
389,92,4759
390,1,4757
391,84,4772
392,55,4778
393,0,4781
394,28,4777
395,2,4792
396,0,4791
397,0,4773
398,5,4786
399,135,4774
400,121,4763
401,138,4769
402,0,4783
403,1,4781
404,210,4778
405,249,4771
406,3,4761
407,244,4726
408,267,4723
409,246,4727
410,0,4731
411,0,4747
412,55,4745
413,5,4756
414,135,4746
415,117,4759
416,95,4771
417,108,4740
418,154,4730
419,0,4758
420,0,4759
421,7,4767
422,186,4783
423,0,4791
424,0,4769
425,188,4768
426,519,4763
427,501,4754
428,220,4752
429,159,4755
430,235,4736
431,0,4687
432,442,4699
433,0,4700
434,70,4713
435,241,4696
436,679,4682
437,362,4644
438,0,4654
439,575,4648
440,315,4653
441,272,4669
442,181,4661
443,602,4623
444,340,4628
445,397,4557
446,245,4520
447,393,4525
448,378,4528
449,100,4532
450,250,4522
451,5,4509
452,267,4494
453,91,4503
454,673,4468
455,0,4455
456,195,4449
457,311,4460
458,412,4458
459,39,4467
460,29,4476
461,353,4447
462,21,4443
463,263,4432
464,241,4423
465,16,4433
466,271,4422
467,99,4429
468,1,4420
469,0,4411
470,158,4333
471,0,4339
472,41,4347
473,51,4343
474,0,4373
475,0,4347
476,0,4354
477,0,4352
478,3,4343
479,44,4341
480,0,4346
481,7,4320
482,0,4327
483,0,4314
484,0,4330
485,5,4342
486,0,4326
487,0,4310
488,0,4302
489,0,4310
490,0,4311
491,0,4311
492,0,4291
493,0,4301
494,0,4316
495,12,4249
496,0,4277
497,0,4266
498,0,4264
499,7,4260
500,25,4249
501,109,4227
502,54,4198
503,31,4232
504,61,4258
505,163,4360
506,291,4429
507,249,4468
508,302,4529
509,212,4537
510,175,4561
511,111,4600
512,182,4630
513,257,4634
514,297,4705
515,208,4691
516,406,4696
517,96,4661
518,168,4639
519,316,4659
520,193,4603
521,237,4588
522,289,4573
523,158,4549
524,292,4544
525,57,4534
526,60,4527
527,274,4503
528,39,4486
529,82,4480
530,11,4458
531,4,4459
532,149,4457
533,151,4443
534,170,4435
535,103,4412
536,18,4404
537,263,4383
538,174,4337
539,174,4282
540,78,4272
541,97,4246
542,128,4211
543,75,4192
544,73,4189
545,153,4200
546,76,4210
547,17,4238
548,197,4267
549,0,4280
550,263,4324
551,27,4345
552,35,4363
553,17,4377
554,3,4363
555,21,4354
556,241,4386
557,357,4421
558,0,4433
559,13,4447
560,80,4459
561,0,4455
562,7,4450
563,60,4483
564,0,4471
565,0,4473
566,0,4464
567,0,4484
568,0,4493
569,98,4532
570,35,4538
571,127,4557
572,5,4591
573,0,4589
574,0,4613
575,91,4638
576,0,4651
577,1,4672
578,0,4698
579,0,4726
580,0,4745
581,204,4738
582,183,4734
583,256,4734
584,258,4734
585,0,4745
586,1,4751
587,0,4762
588,0,4777
589,0,4776
590,0,4777
591,16,4764
592,36,4752
593,347,4716
594,0,4724
595,3,4678
596,366,4695
597,128,4696
598,6,4725
599,140,4698
600,147,4688
601,14,4643
602,127,4602
603,93,4580
604,218,4543
605,358,4499
606,87,4495
607,195,4494
608,335,4487
609,56,4486
610,439,4465
611,161,4434
612,83,4426
613,398,4468
614,12,4497
615,88,4512
616,321,4511
617,359,4538
618,20,4538
619,333,4566
620,314,4520
621,18,4544
622,215,4583
623,475,4627
624,15,4641
625,142,4684
626,55,4702
627,0,4713
628,132,4717
629,77,4742
630,0,4756
631,418,4774
632,94,4781
633,10,4798
634,104,4819
635,37,4868
636,1,4888
637,35,4925
638,338,4921
639,94,4923
640,514,4932
641,85,4963
642,0,4983
643,189,5003
644,191,5032
645,30,5020
646,118,5055
647,236,5109
648,23,5112
649,117,5140
650,147,5146
651,10,5136
652,107,5140
653,170,5167
654,27,5140
655,220,5121
656,197,5125
657,21,5125
658,10,5090
659,215,5079
660,0,5075
661,169,5089
662,112,5111
663,4,5099
664,146,5127
665,10,5149
666,0,5170
667,29,5191
668,76,5195
669,18,5210
670,40,5184
671,22,5163
672,0,5171
673,38,5129
674,38,5125
675,9,5112
676,43,5071
677,10,5053
678,2,5059
679,59,5038
680,6,5029
681,0,5019
682,43,5031
683,25,5003
684,0,4998
685,5,4999
686,9,4980
687,1,4984
688,2,4996
689,2,4981
690,0,4974
691,2,4991
692,0,4994
693,0,4993
694,0,4986
695,8,4929
696,0,4956
697,0,4923
698,0,4933
699,0,4935
700,0,4931
701,22,4924
702,7,4924
703,3,4911
704,8,4901
705,0,4919
706,0,4914
707,0,4900
708,0,4890
709,0,4879
710,0,4879
711,0,4886
712,0,4881
713,0,4886
714,0,4886
715,0,4889
716,0,4901
717,0,4903
718,0,4887
719,0,4895
720,14,4796
721,0,4809
722,0,4801
723,0,4785
724,0,4778
725,0,4804
726,0,4817
727,0,4830
728,0,4840
729,0,4829
730,0,4829
731,0,4810
732,0,4804
733,0,4798
734,0,4791
735,0,4784
736,0,4793
737,0,4788
738,0,4780
739,0,4789
740,9,4777
741,0,4783
742,0,4783
743,0,4780
744,0,4779
745,0,4719
746,0,4714
747,0,4716
748,6,4713
749,0,4715
750,0,4705
751,0,4719
752,0,4716
753,0,4718
754,0,4718
755,0,4717
756,0,4716
757,0,4725
758,0,4730
759,0,4729
760,0,4720
761,0,4700
762,0,4695
763,0,4696
764,0,4687
765,0,4682
766,0,4689
767,0,4685
768,0,4687
769,0,4687
770,21,4619
771,0,4623
772,0,4619
773,0,4611
774,0,4621
775,0,4621
776,0,4620
777,0,4627
778,0,4627
779,7,4628
780,0,4641
781,6,4650
782,0,4645
783,2,4643
784,3,4637
785,0,4630
786,0,4630
787,41,4612
788,89,4608
789,0,4619
790,217,4601
791,74,4586
792,157,4575
793,71,4560
794,216,4541
795,85,4554
796,131,4575
797,190,4606
798,81,4597
799,112,4595
800,100,4649
801,25,4655
802,287,4708
803,119,4750
804,8,4754
805,93,4773
806,67,4797
807,18,4810
808,401,4826
809,80,4846
810,0,4854
811,9,4884
812,53,4890
813,0,4919
814,8,4924
815,4,4935
816,0,4934
817,10,4937
818,0,4940
819,0,4941
820,7,4903
821,20,4891
822,0,4887
823,0,4875
824,0,4887
825,0,4896
826,4,4917
827,0,4920
828,0,4918
829,3,4906
830,0,4917
831,0,4932
832,0,4944
833,0,4932
834,0,4934
835,0,4937
836,0,4917
837,0,4916
838,0,4922
839,0,4921
840,0,4921
841,0,4938
842,0,4939
843,0,4943
844,0,4936
845,5,4921
846,0,4940
847,0,4944
848,0,4943
849,0,4940
850,0,4951
851,0,4948
852,0,4943
853,0,4940
854,0,4945
855,0,4936
856,0,4942
857,0,4953
858,0,4950
859,0,4957
860,0,4956
861,0,4957
862,0,4952
863,0,4946
864,0,4954
865,0,4964
866,0,4959
867,0,4964
868,0,4964
869,0,4955
870,11,4919
871,0,4923
872,0,4938
873,0,4949
874,0,4938
875,0,4946
876,0,4947
877,0,4940
878,0,4951
879,0,4963
880,16,4959
881,0,4962
882,0,4951
883,0,4944
884,0,4935
885,0,4936
886,0,4937
887,0,4947
888,0,4952
889,0,4959
890,0,4959
891,0,4950
892,0,4946
893,46,4958
894,0,4956
895,0,4967
896,0,4977
897,0,4975
898,0,4981
899,0,4975
900,0,4975
901,0,4977
902,0,4975
903,0,4958
904,0,4964
905,3,4959
906,0,4947
907,0,4945
908,0,4928
909,0,4936
910,0,4926
911,0,4936
912,0,4940
913,0,4942
914,0,4933
915,0,4922
916,0,4933
917,0,4925
918,0,4915
919,0,4917
920,0,4908
921,0,4914
922,0,4906
923,0,4905
924,0,4906
925,0,4900
926,0,4885
927,0,4882
928,0,4886
929,0,4883
930,3,4869
931,0,4858
932,0,4873
933,0,4869
934,0,4871
935,0,4860
936,0,4865
937,0,4864
938,0,4855
939,0,4859
940,0,4855
941,3,4856
942,0,4866
943,0,4873
944,0,4863
945,0,4858
946,0,4865
947,0,4869
948,0,4872
949,0,4887
950,0,4887
951,0,4893
952,0,4892
953,0,4895
954,0,4894
955,0,4874
956,0,4877
957,0,4871
958,0,4869
959,0,4862
960,0,4869
961,0,4891
962,0,4903
963,0,4907
964,0,4909
965,0,4921
966,0,4908
967,0,4907
968,0,4920
969,0,4924
970,0,4930
971,0,4937
972,0,4933
973,0,4943
974,1,4932
975,0,4927
976,0,4919
977,0,4911
978,0,4922
979,0,4918
980,0,4874
981,0,4893
982,0,4883
983,0,4897
984,0,4883
985,1,4888
986,0,4893
987,0,4894
988,0,4895
989,0,4897
990,0,4893
991,0,4889
992,0,4893
993,0,4892
994,0,4887
995,0,4878
996,0,4881
997,0,4881
998,0,4885
999,0,4891
1000,0,4894
1001,0,4912
1002,0,4919
1003,0,4930
1004,0,4928
1005,0,4892
1006,0,4907
1007,0,4906
1008,0,4905
1009,0,4911
1010,0,4907
1011,25,4865
1012,0,4863
1013,0,4870
1014,0,4866
1015,0,4869
1016,0,4869
1017,10,4884
1018,0,4885
1019,0,4862
1020,0,4860
1021,0,4865
1022,0,4861
1023,0,4476
1024,0,4868
1025,0,4863
1026,0,4885
1027,4,4871
1028,0,4879
1029,0,4889
1030,0,4886
1031,0,4890
1032,0,4903
1033,0,4895
1034,0,4890
1035,0,4889
1036,0,4861
1037,0,4860
1038,0,4867
1039,2,4867
1040,0,4863
1041,0,4865
1042,3,4863
1043,0,4869
1044,0,4873
1045,0,4872
1046,0,4872
1047,0,4879
1048,0,4885
1049,0,4882
1050,0,4873
1051,0,4892
1052,0,4894
1053,0,4901
1054,0,4910
1055,0,4904
1056,0,4904
1057,0,4913
1058,0,4915
1059,0,4919
1060,0,4915
1061,9,4883
1062,0,4872
1063,0,4872
1064,0,4866
1065,0,4873
1066,0,4876
1067,0,4883
1068,0,4879
1069,0,4870
1070,0,4875
1071,0,4871
1072,0,4878
1073,0,4877
1074,0,4879
1075,0,4884
1076,0,4891
1077,0,4888
1078,0,4884
1079,0,4896
1080,0,4896
1081,0,4895
1082,0,4895
1083,0,4888
1084,0,4889
1085,0,4899
1086,2,4870
1087,0,4867
1088,0,4865
1089,0,4863
1090,0,4860
1091,0,4858
1092,0,4866
1093,0,4867
1094,0,4864
1095,0,4863
1096,0,4870
1097,12,4874
1098,0,4880
1099,30,4887
1100,0,4888
1101,2,4886
1102,0,4885
1103,0,4899
1104,83,4892
1105,120,4897
1106,0,4899
1107,0,4910
1108,0,4898
1109,0,4903
1110,0,4907
1111,134,4893
1112,0,4903
1113,75,4894
1114,5,4883
1115,0,4880
1116,0,4880
1117,0,4882
1118,55,4886
1119,118,4890
1120,0,4885
1121,0,4890
1122,4,4886
1123,0,4887
1124,11,4886
1125,0,4883
1126,0,4880
1127,0,4876
1128,0,4893
1129,0,4887
1130,0,4881
1131,36,4868
1132,0,4881
1133,0,4873
1134,0,4891
1135,0,4903
1136,1,4915
1137,0,4904
1138,0,4905
1139,10,4895
1140,0,4913
1141,0,4909
1142,0,4899
1143,0,4920
1144,0,4926
1145,0,4928
1146,0,4936
1147,0,4939
1148,0,4943
1149,0,4937
1150,0,4942
1151,0,4937
1152,0,4929
1153,0,4926
1154,0,4938
1155,0,4942
1156,0,4930
1157,0,4929
1158,0,4939
1159,0,4927
1160,0,4927
1161,0,4924
1162,0,4941
1163,0,4942
1164,9,4955
1165,0,4946
1166,0,4952
1167,7,4967
1168,2,4958
1169,0,4960
1170,0,4953
1171,0,4949
1172,0,4947
1173,0,4955
1174,0,4957
1175,0,4954
1176,0,4952
1177,0,4956
1178,0,4956
1179,0,4947
1180,0,4944
1181,0,4944
1182,16,4949
1183,0,4943
1184,1,4955
1185,0,4951
1186,3,4879
1187,0,4882
1188,0,4868
1189,0,4876
1190,0,4872
1191,2,4876
1192,0,4872
1193,0,4873
1194,22,4876
1195,0,4886
1196,0,4888
1197,0,4899
1198,0,4892
1199,0,4889
1200,0,4902
1201,16,4893
1202,0,4904
1203,0,4903
1204,0,4908
1205,0,4905
1206,35,4914
1207,0,4919
1208,0,4920
1209,8,4908
1210,0,4912
1211,1,4876
1212,0,4876
1213,0,4887
1214,0,4881
1215,0,4879
1216,0,4899
1217,0,4908
1218,0,4902
1219,0,4905
1220,0,4899
1221,0,4919
1222,0,4907
1223,0,4913
1224,0,4902
1225,3,4910
1226,0,4915
1227,0,4918
1228,0,4915
1229,0,4921
1230,0,4914
1231,34,4919
1232,0,4917
1233,5,4914
1234,0,4934
1235,0,4929
1236,2,4920
1237,0,4908
1238,0,4918
1239,55,4913
1240,0,4915
1241,0,4923
1242,2,4923
1243,0,4931
1244,0,4929
1245,32,4917
1246,23,4915
1247,0,4917
1248,0,4900
1249,77,4900
1250,0,4896
1251,14,4889
1252,15,4887
1253,0,4888
1254,7,4889
1255,1,4894
1256,1,4890
1257,18,4897
1258,64,4901
1259,0,4901
1260,45,4903
1261,32,4866
1262,0,4863
1263,0,4871
1264,0,4880
1265,17,4898
1266,35,4885
1267,1,4897
1268,0,4893
1269,13,4900
1270,0,4896
1271,23,4901
1272,40,4911
1273,26,4907
1274,0,4911
1275,0,4919
1276,0,4919
1277,0,4917
1278,0,4933
1279,0,4930
1280,0,4932
1281,0,4931
1282,0,4924
1283,0,4925
1284,0,4931
1285,56,4924
1286,11,4893
1287,0,4892
1288,2,4907
1289,0,4918
1290,0,4919
1291,0,4924
1292,0,4932
1293,0,4944
1294,0,4946
1295,0,4944
1296,0,4953
1297,0,4963
1298,0,4971
1299,0,4966
1300,0,4977
1301,3,4972
1302,18,4969
1303,31,4974
1304,0,4966
1305,19,4972
1306,0,4968
1307,0,4978
1308,0,4979
1309,0,4974
1310,0,4978
1311,16,4938
1312,1,4921
1313,0,4924
1314,0,4940
1315,1,4947
1316,0,4944
1317,0,4945
1318,0,4943
1319,0,4952
1320,0,4944
1321,0,4942
1322,0,4932
1323,0,4940
1324,0,4944
1325,0,4947
1326,0,4937
1327,0,4929
1328,0,4927
1329,0,4929
1330,0,4928
1331,0,4935
1332,0,4929
1333,0,4929
1334,0,4924
1335,0,4926
1336,8,4902
1337,0,4908
1338,0,4931
1339,0,4916
1340,0,4915
1341,0,4918
1342,0,4917
1343,0,4923
1344,0,4909
1345,0,4910
1346,0,4913
1347,0,4927
1348,3,4931
1349,0,4933
1350,0,4945
1351,0,4938
1352,0,4943
1353,0,4944
1354,0,4922
1355,0,4930
1356,0,4934
1357,0,4945
1358,0,4960
1359,3,4969
1360,0,4966
1361,14,4900
1362,0,4892
1363,16,4908
1364,0,4906
1365,0,4897
1366,0,4897
1367,0,4896
1368,0,4891
1369,0,4905
1370,0,4904
1371,0,4893
1372,0,4889
1373,0,4893
1374,0,4889
1375,0,4889
1376,0,4894
1377,13,4896
1378,22,4886
1379,0,4889
1380,18,4889
1381,0,4900
1382,11,4901
1383,25,4896
1384,1,4892
1385,0,4893
1386,7,4847
1387,0,4849
1388,0,4868
1389,0,4872
1390,0,4875
1391,0,4879
1392,0,4871
1393,11,4880
1394,0,4875
1395,0,4886
1396,0,4879
1397,0,4869
1398,2,4865
1399,0,4870
1400,0,4865
1401,0,4855
1402,0,4855
1403,0,4869
1404,0,4863
1405,4,4866
1406,0,4863
1407,0,4868
1408,0,4856
1409,0,4861
1410,0,4860
1411,17,4778
1412,0,4800
1413,0,4804
1414,0,4816
1415,0,4817
1416,0,4818
1417,0,4811
1418,0,4821
1419,0,4819
1420,0,4822
1421,0,4835
1422,0,4836
1423,0,4836
1424,0,4838
1425,0,4821
1426,0,4826
1427,0,4834
1428,0,4833
1429,21,4828
1430,11,4811
1431,10,4826
1432,0,4829
1433,0,4838
1434,21,4813
1435,0,4831
1436,6,4762
1437,7,4774
1438,12,4768
1439,0,4767
1440,30,4792
1441,91,4819
1442,0,4806
1443,23,4818
1444,145,4789
1445,0,4797
1446,94,4823
1447,169,4837
1448,19,4817
1449,122,4811
1450,119,4828
1451,8,4845
1452,150,4864
1453,194,4879
1454,0,4862
1455,227,4838
1456,166,4829
1457,33,4868
1458,377,4878
1459,144,4847
1460,15,4819
1461,260,4832
1462,533,4856
1463,0,4868
1464,0,4892
1465,177,4931
1466,5,4924
1467,150,4938
1468,383,4936
1469,35,4948
1470,101,4977
1471,232,4949
1472,0,4900
1473,163,4933
1474,264,4937
1475,0,4966
1476,174,4948
1477,350,4906
1478,10,4889
1479,154,4804
1480,244,4819
1481,248,4796
1482,365,4735
1483,518,4695
1484,32,4670
1485,490,4626
1486,274,4598
1487,112,4554
1488,478,4499
1489,423,4413
1490,19,4373
1491,644,4284
1492,785,4212
1493,72,4179
1494,350,4130
1495,714,4153
1496,154,4152
1497,497,4082
1498,409,4097
1499,221,4112
1500,534,4145
1501,539,4140
1502,37,4195
1503,614,4222
1504,578,4271
1505,87,4291
1506,592,4328
1507,863,4322
1508,62,4361
1509,1034,4360
1510,822,4394
1511,144,4403
1512,754,4428
1513,761,4468
1514,18,4506
1515,787,4568
1516,868,4531
1517,165,4527
1518,1473,4569
1519,984,4603
1520,317,4592
1521,1400,4558
1522,721,4590
1523,355,4546
1524,722,4622
1525,816,4570
1526,288,4562
1527,1390,4542
1528,1131,4497
1529,265,4490
1530,733,4455
1531,1029,4466
1532,353,4391
1533,847,4401
1534,1413,4339
1535,99,4374
1536,986,4289
1537,1499,4356
1538,479,4349
1539,1333,4320
1540,1322,4342
1541,452,4341
1542,1114,4359
1543,1433,4415
1544,56,4420
1545,1066,4422
1546,217,4445
1547,1,4497
1548,1183,4460
1549,1000,4392
1550,369,4358
1551,1244,4315
1552,435,4283
1553,568,4283
1554,920,4170
1555,1205,4238
1556,473,4262
1557,1236,4325
1558,487,4334
1559,670,4396
1560,1208,4507
1561,1159,4585
1562,359,4593
1563,1445,4631
1564,1336,4602
1565,453,4572
1566,1327,4523
1567,1611,4475
1568,472,4443
1569,1415,4343
1570,1165,4372
1571,459,4362
1572,1350,4372
1573,604,4425
1574,768,4489
1575,1689,4472
1576,1392,4499
1577,285,4454
1578,1332,4402
1579,1478,4363
1580,975,4394
1581,1727,4456
1582,1610,4488
1583,906,4500
1584,1829,4515
1585,1440,4625
1586,1139,4616
1587,1600,4628
1588,1468,4669
1589,815,4697
1590,1265,4661
1591,1561,4708
1592,707,4717
1593,1449,4743
1594,1337,4723
1595,1176,4704
1596,1179,4770
1597,1317,4808
1598,1367,4845
1599,1171,4811
1600,1510,4927
1601,1012,4886
1602,1352,4975
1603,1680,4977
1604,1428,5034
1605,1559,4943
1606,1462,4836
1607,1494,4813
1608,1820,4745
1609,1748,4718
1610,1118,4734
1611,1249,4726
1612,1211,4730
1613,1032,4775
1614,1164,4873
1615,1175,4945
1616,1038,4977
1617,1314,4938
1618,1289,4860
1619,1066,4854
1620,1057,4829
1621,1012,4821
1622,1101,4842
1623,1358,4662
1624,1137,4579
1625,1382,4584
1626,1388,4457
1627,1476,4375
1628,1622,4353
1629,1628,4306
1630,1354,4277
1631,1602,4335
1632,1487,4324
1633,943,4425
1634,1415,4495
1635,859,4598
1636,1456,4532
1637,1609,4515
1638,1252,4585
1639,843,4635
1640,1423,4636
1641,1175,4607
1642,805,4622
1643,1101,4580
1644,739,4529
1645,810,4479
1646,691,4438
1647,724,4387
1648,912,4358
1649,944,4357
1650,137,4427
1651,765,4300
1652,886,4318
1653,709,4375
1654,1498,4385
1655,887,4419
1656,643,4399
1657,1421,4466
1658,1418,4483
1659,625,4487
1660,1012,4457
1661,1284,4444
1662,1307,4453
1663,1328,4435
1664,1274,4432
1665,559,4328
1666,1134,4327
1667,1167,4365
1668,488,4467
1669,1465,4443
1670,1069,4408
1671,1536,4350
1672,962,4297
1673,934,4297
1674,1387,4327
1675,1249,4330
1676,1313,4341
1677,855,4421
1678,760,4449
1679,807,4415
1680,1058,4283
1681,933,4196
1682,808,4162
1683,1017,4053
1684,1237,3909
1685,1157,3893
1686,1177,3765
1687,882,3716
1688,949,3773
1689,666,3955
1690,558,4092
1691,779,4136
1692,588,4178
1693,578,4215
1694,735,4251
1695,893,4315
1696,1012,4321
1697,1087,4328
1698,650,4374
1699,692,4356
1700,1071,4373
1701,954,4379
1702,938,4355
1703,734,4434
1704,856,4366
1705,686,4441
1706,976,4437
1707,1013,4473
1708,628,4387
1709,736,4433
1710,860,4418
1711,743,4301
1712,774,4265
1713,718,4294
1714,922,4321
1715,706,4348
1716,827,4370
1717,292,4422
1718,728,4448
1719,752,4454
1720,886,4348
1721,544,4251
1722,705,4285
1723,588,4308
1724,582,4298
1725,885,4273
1726,838,4270
1727,270,4262
1728,745,4224
1729,698,4182
1730,678,4131
1731,603,4213
1732,608,4221
1733,742,4240
1734,544,4250
1735,639,4213
1736,522,4168
1737,665,4079
1738,714,4035
1739,642,4091
1740,936,4054
1741,256,3982
1742,475,4011
1743,583,4043
1744,589,4040
1745,224,4032
1746,185,4001
1747,741,3991
1748,404,3933
1749,693,3816
1750,448,3899
1751,545,3861
1752,449,3779
1753,419,3783
1754,595,3754
1755,485,3747
1756,437,3832
1757,610,3862
1758,447,4007
1759,655,4041
1760,477,4042
1761,443,4137
1762,543,4149
1763,418,4143
1764,431,4216
1765,387,4272
1766,584,4272
1767,567,4398
1768,468,4413
1769,439,4427
1770,688,4389
1771,731,4363
1772,698,4329
1773,617,4361
1774,75,4348
1775,727,4346
1776,449,4330
1777,532,4303
1778,103,4344
1779,701,4356
1780,611,4203
1781,507,4144
1782,698,4128
1783,485,4098
1784,32,4105
1785,720,4116
1786,352,4119
1787,933,4095
1788,173,4121
1789,309,4141
1790,543,4134
1791,504,4165
1792,705,4187
1793,348,4204
1794,426,4263
1795,380,4323
1796,453,4290
1797,442,4204
1798,427,4175
1799,165,4238
1800,418,4371
1801,454,4391
1802,418,4442
1803,627,4351
1804,64,4345
1805,452,4272
1806,352,4321
1807,581,4316
1808,633,4377
1809,1035,4450
1810,861,4329
1811,665,4373
1812,877,4400
1813,491,4448
1814,112,4465
1815,472,4465
1816,599,4393
1817,61,4424
1818,470,4372
1819,476,4415
1820,355,4427
1821,375,4414
1822,162,4440
1823,745,4531
1824,424,4518
1825,386,4465
1826,277,4418
1827,1115,4387
1828,614,4393
1829,298,4406
1830,343,4437
1831,218,4355
1832,449,4344
1833,227,4413
1834,523,4336
1835,355,4349
1836,354,4292
1837,671,4282
1838,236,4218
1839,411,4247
1840,342,4270
1841,353,4299
1842,773,4423
1843,294,4450
1844,492,4474
1845,853,4458
1846,116,4360
1847,948,4307
1848,344,4267
1849,327,4284
1850,140,4266
1851,115,4248
1852,23,4262
1853,259,4254
1854,14,4323
1855,35,4367
1856,72,4375
1857,240,4402
1858,69,4476
1859,51,4502
1860,302,4578
1861,274,4625
1862,347,4592
1863,482,4579
1864,50,4491
1865,426,4439
1866,359,4334
1867,494,4181
1868,62,4062
1869,69,4083
1870,39,4233
1871,763,4297
1872,789,4447
1873,574,4457
1874,257,4439
1875,440,4458
1876,975,4444
1877,124,4419
1878,433,4446
1879,554,4420
1880,497,4363
1881,572,4384
1882,411,4388
1883,600,4339
1884,455,4310
1885,375,4280
1886,459,4267
1887,515,4313
1888,301,4329
1889,188,4304
1890,405,4240
1891,245,4226
1892,394,4262
1893,326,4163
1894,230,4158
1895,183,4142
1896,182,4117
1897,289,4122
1898,371,4145
1899,480,4133
1900,505,4223
1901,414,4197
1902,446,4202
1903,711,4112
1904,463,4073
1905,719,3990
1906,526,4103
1907,315,4101
1908,830,3998
1909,401,3906
1910,656,3848
1911,317,3877
1912,363,3952
1913,534,3991
1914,330,3982
1915,705,3765
1916,706,3713
1917,331,3778
1918,440,3763
1919,259,3791
1920,583,3825
1921,742,3784
1922,915,3757
1923,713,3756
1924,565,3728
1925,678,3746
1926,534,3665
1927,534,3586
1928,229,3622
1929,121,3771
1930,253,3780
1931,265,3768
1932,132,3764
1933,510,3875
1934,643,3914
1935,107,3912
1936,130,3940
1937,634,3939
1938,149,3971
1939,489,3935
1940,289,3954
1941,143,3995
1942,284,3938
1943,389,3953
1944,85,3892
1945,182,3871
1946,86,3907
1947,206,3957
1948,38,4030
1949,179,4060
1950,168,4202
1951,106,4262
1952,320,4329
1953,173,4338
1954,0,4366
1955,8,4368
1956,127,4340
1957,55,4347
1958,16,4351
1959,16,4322
1960,1,4304
1961,35,4284
1962,19,4236
1963,6,4203
1964,0,4206
1965,4,4201
1966,0,4199
1967,0,4197
1968,0,4193
1969,0,4195
1970,0,4192
1971,0,4193
1972,0,4195
1973,0,4197
1974,0,4192
1975,0,4193
1976,0,4194
1977,0,4203
1978,0,4202
1979,0,4204
1980,0,4200
1981,0,4199
1982,0,4202
1983,0,4204
1984,2,4204
1985,0,4208
1986,0,4230
1987,0,4229
1988,0,4230
1989,0,4234
1990,0,4235
1991,0,4236
1992,0,4239
1993,0,4239
1994,0,4235
1995,0,4236
1996,0,4236
1997,0,4242
1998,0,4254
1999,0,4261
2000,0,4260
2001,2,4289
2002,21,4369
2003,8,4408
2004,4,4502
2005,2,4576
2006,2,4632
2007,1,4721
2008,216,4755
2009,0,4757
2010,0,4788
2011,2,4763
2012,13,4747
2013,0,4773
2014,0,4824
2015,421,4855
2016,3,4866
2017,406,4900
2018,30,4959
2019,0,4978
2020,177,4888
2021,0,4815
2022,266,4774
2023,3,4740
2024,575,4729
2025,554,4637
2026,0,4550
2027,3,4510
2028,26,4447
2029,0,4342
2030,0,4312
2031,412,4210
2032,392,4184
2033,378,4139
2034,531,4018
2035,444,3987
2036,88,3950
2037,207,3909
2038,138,3779
2039,586,3691
2040,149,3718
2041,571,3662
2042,274,3708
2043,742,3789
2044,520,3810
2045,100,3858
2046,688,3837
2047,672,3846
2048,556,3865
2049,385,3924
2050,118,3982
2051,450,3975
2052,37,4039
2053,306,4056
2054,318,4055
2055,59,3987
2056,84,4019
2057,55,4046
2058,95,4068
2059,317,4102
2060,158,4154
2061,94,4279
2062,90,4326
2063,190,4347
2064,10,4371
2065,144,4385
2066,101,4387
2067,179,4401
2068,38,4379
2069,5,4360
2070,45,4283
2071,36,4262
2072,4,4255
2073,0,4252
2074,0,4253
2075,0,4257
2076,0,4250
2077,0,4256
2078,0,4259
2079,9,4263
2080,19,4255
2081,0,4256
2082,0,4259
2083,0,4253
2084,0,4250
2085,0,4252
2086,16,4271
2087,0,4266
2088,40,4263
2089,27,4261
2090,0,4257
2091,0,4258
2092,0,4254
2093,0,4255
2094,19,4256
2095,12,4258
2096,0,4259
2097,4,4256
2098,0,4260
2099,0,4258
2100,0,4264
2101,11,4291
2102,4,4312
2103,15,4351
2104,81,4370
2105,12,4383
2106,168,4405
2107,141,4426
2108,239,4458
2109,307,4503
2110,0,4519
2111,37,4535
2112,0,4554
2113,5,4551
2114,293,4546
2115,401,4567
2116,37,4583
2117,0,4571
2118,0,4549
2119,35,4549
2120,93,4545
2121,423,4506
2122,41,4547
2123,169,4539
2124,77,4531
2125,28,4555
2126,107,4551
2127,44,4540
2128,455,4506
2129,473,4485
2130,398,4480
2131,710,4472
2132,620,4495
2133,907,4488
2134,755,4513
2135,608,4488
2136,48,4498
2137,434,4483
2138,233,4458
2139,0,4440
2140,622,4400
2141,695,4377
2142,546,4338
2143,754,4310
2144,658,4264
2145,0,4252
2146,1118,4213
2147,766,4187
2148,126,4199
2149,175,4184
2150,878,4202
2151,31,4244
2152,977,4267
2153,938,4268
2154,686,4225
2155,846,4234
2156,1193,4296
2157,753,4440
2158,49,4618
2159,1477,4709
2160,1233,4707
2161,478,4745
2162,994,4731
2163,248,4637
2164,69,4540
2165,20,4478
2166,531,4355
2167,715,4304
2168,151,4225
2169,77,4186
2170,156,4140
2171,561,4173
2172,552,4300
2173,333,4371
2174,318,4431
2175,334,4561
2176,247,4680
2177,191,4722
2178,309,4699
2179,151,4673
2180,228,4675
2181,405,4651
2182,148,4598
2183,238,4586
2184,289,4544
2185,39,4517
2186,181,4525
2187,36,4462
2188,11,4457
2189,0,4436
2190,91,4432
2191,136,4391
2192,284,4392
2193,1,4395
2194,191,4384
2195,78,4376
2196,0,4368
2197,91,4362
2198,69,4375
2199,0,4343
2200,4,4318
2201,14,4300
2202,8,4295
2203,0,4276
2204,0,4280
2205,0,4282
2206,15,4280
2207,10,4279
2208,0,4282
2209,17,4280
2210,0,4282
2211,32,4305
2212,2,4308
2213,0,4304
2214,2,4308
2215,2,4312
2216,21,4305
2217,1,4306
2218,3,4304
2219,0,4301
2220,7,4301
2221,0,4303
2222,0,4301
2223,0,4310
2224,0,4314
2225,11,4315
2226,0,4313
2227,0,4316
2228,0,4320
2229,0,4324
2230,11,4319
2231,0,4319
2232,0,4318
2233,0,4316
2234,0,4317
2235,1,4317
2236,0,4292
2237,0,4293
2238,0,4300
2239,7,4308
2240,19,4306
2241,0,4307
2242,2,4305
2243,0,4308
2244,4,4307
2245,0,4305
2246,0,4304
2247,0,4303
2248,0,4297
2249,0,4294
2250,0,4292
2251,4,4303
2252,0,4305
2253,17,4306
2254,0,4315
2255,0,4315
2256,6,4316
2257,0,4319
2258,0,4328
2259,9,4325
2260,5,4321
2261,29,4320
2262,2,4319
2263,0,4318
2264,0,4320
2265,0,4325
2266,0,4338
2267,7,4340
2268,0,4366
2269,5,4394
2270,0,4399
2271,30,4418
2272,0,4479
2273,0,4453
2274,64,4474
2275,0,4508
2276,201,4505
2277,2,4518
2278,264,4482
2279,1,4456
2280,1,4412
2281,3,4361
2282,18,4331
2283,0,4323
2284,0,4290
2285,98,4244
2286,25,4151
2287,0,4119
2288,456,4077
2289,255,4040
2290,217,4024
2291,206,3999
2292,15,4000
2293,288,3979
2294,0,3958
2295,0,3890
2296,477,3901
2297,0,3903
2298,110,3915
2299,220,4038
2300,0,4082
2301,88,4201
2302,77,4266
2303,0,4264
2304,0,4248
2305,19,4257
2306,217,4281
2307,17,4240
2308,157,4227
2309,0,4246
2310,104,4222
2311,195,4202
2312,357,4213
2313,20,4198
2314,181,4284
2315,134,4323
2316,238,4339
2317,109,4337
2318,145,4325
2319,56,4266
2320,177,4265
2321,43,4265
2322,1,4269
2323,14,4263
2324,40,4245
2325,180,4234
2326,255,4228
2327,10,4269
2328,10,4306
2329,122,4276
2330,10,4241
2331,31,4219
2332,23,4227
2333,124,4227
2334,55,2420
2335,241,4239
2336,187,4273
2337,76,4256
2338,111,4269
2339,29,4282
2340,43,4293
2341,134,4306
2342,24,4304
2343,19,4300
2344,31,4314
2345,27,4313
2346,19,4311
2347,0,4309
2348,2,4297
2349,17,4303
2350,46,4302
2351,33,4309
2352,16,4289
2353,0,4278
2354,8,4276
2355,28,4296
2356,0,4283
2357,18,4279
2358,0,4248
2359,9,4225
2360,22,4218
2361,48,4235
2362,42,4254
2363,57,4260
2364,28,4281
2365,36,4305
2366,0,4313
2367,0,4303
2368,0,4304
2369,1,4327
2370,64,4343
2371,91,4351
2372,3,4367
2373,2,4342
2374,33,4359
2375,80,4336
2376,58,4328
2377,26,4321
2378,93,4311
2379,0,4337
2380,0,4320
2381,0,4332
2382,88,4321
2383,84,4324
2384,117,4317
2385,59,4345
2386,164,4488
2387,132,4570
2388,73,4679
2389,206,4701
2390,115,4703
2391,157,4662
2392,234,4529
2393,62,4532
2394,223,4528
2395,71,4444
2396,52,4356
2397,179,4328
2398,196,4326
2399,40,4368
2400,197,4413
2401,216,4424
2402,183,4404
2403,301,4388
2404,501,4434
2405,50,4431
2406,357,4460
2407,280,4517
2408,327,4517
2409,68,4454
2410,46,4326
2411,39,4325
2412,329,4305
2413,189,4343
2414,225,4336
2415,21,4356
2416,7,4379
2417,10,4370
2418,17,4345
2419,136,4318
2420,3,4310
2421,25,4252
2422,35,4245
2423,1,4245
2424,0,4249
2425,0,4248
2426,0,4255
2427,0,4249
2428,0,4256
2429,0,4260
2430,0,4258
2431,0,4258
2432,0,4248
2433,1,4138
2434,42,4162
2435,0,4251
2436,321,4460
2437,475,4531
2438,16,4526
2439,294,4509
2440,136,4445
2441,7,4438
2442,141,4406
2443,77,4376
2444,1,4349
2445,22,4242
2446,32,4170
2447,45,4175
2448,173,4274
2449,123,4323
2450,80,4356
2451,169,4418
2452,112,4457
2453,80,4447
2454,109,4444
2455,75,4486
2456,173,4495
2457,85,4480
2458,157,4483
2459,285,4465
2460,21,4462
2461,183,4433
2462,220,4425
2463,318,4427
2464,2,4387
2465,261,4366
2466,0,4376
2467,6,4366
2468,2,4355
2469,105,4334
2470,0,4315
2471,41,4297
2472,27,4276
2473,0,4276
2474,0,4275
2475,0,4272
2476,28,4297
2477,0,4289
2478,0,4286
2479,0,4287
2480,0,4291
2481,0,4302
2482,21,4272
2483,45,4257
2484,0,4250
2485,53,4256
2486,22,4266
2487,106,4298
2488,0,4328
2489,49,4312
2490,44,4319
2491,61,4284
2492,3,4286
2493,1,1830
2494,0,4316
2495,1,4327
2496,2,4333
2497,24,4315
2498,161,4309
2499,45,4314
2500,61,4297
2501,155,4291
2502,117,4275
2503,45,4294
2504,63,4284
2505,27,4291
2506,8,4270
2507,102,4273
2508,44,4232
2509,30,4186
2510,17,4206
2511,0,4317
2512,64,4414
2513,9,4441
2514,400,4476
2515,18,4579
2516,24,4655
2517,29,4723
2518,254,4623
2519,28,4607
2520,96,4501
2521,44,4463
2522,350,4497
2523,155,4440
2524,325,4429
2525,97,4405
2526,84,4329
2527,171,4200
2528,275,4205
2529,118,4293
2530,302,4376
2531,219,4389
2532,209,4396
2533,126,4356
2534,315,4348
2535,441,4324
2536,410,4337
2537,179,4328
2538,291,4386
2539,424,4412
2540,229,4457
2541,376,4468
2542,261,4411
2543,162,4626
2544,208,4341
2545,151,4333
2546,228,4376
2547,137,4420
2548,89,4428
2549,310,4431
2550,268,4446
2551,280,4443
2552,156,4451
2553,242,4433
2554,142,4393
2555,134,4374
2556,27,4333
2557,29,4276
2558,31,4255
2559,17,4251
2560,0,4248
2561,5,4270
2562,0,4267
2563,0,4269
2564,0,4267
2565,0,2483
2566,0,4269
2567,0,4267
2568,0,4263
2569,0,4261
2570,0,4264
2571,0,4264
2572,0,4263
2573,0,4263
2574,0,4261
2575,0,4271
2576,0,4269
2577,0,4274
2578,0,4276
2579,0,4276
2580,0,4277
2581,0,4278
2582,0,4280
2583,0,4280
2584,0,4278
2585,0,4279
2586,0,4288
2587,0,4289
2588,0,4285
2589,0,4288
2590,0,4295
2591,0,4294
2592,0,4293
2593,0,4293
2594,0,4295
2595,0,4292
2596,0,4292
2597,0,4295
2598,0,4299
2599,0,4298
2600,0,4298
2601,0,4298
2602,0,4300
2603,0,4296
2604,0,4301
2605,0,4301
2606,0,4299
2607,0,4299
2608,0,4298
2609,0,4297
2610,0,4299
2611,0,4281
2612,0,4277
2613,0,4283
2614,0,4281
2615,0,4282
2616,0,4283
2617,0,4287
2618,0,4279
2619,0,4282
2620,0,4281
2621,0,4282
2622,0,4282
2623,0,4281
2624,1,4294
2625,0,4358
2626,0,4456
2627,18,4482
2628,0,4534
2629,0,4565
2630,0,4570
2631,0,4590
2632,0,4600
2633,9,4583
2634,323,4505
2635,290,4449
2636,0,4425
2637,384,4396
2638,261,4407
2639,15,4427
2640,97,4435
2641,260,4421
2642,53,4369
2643,304,4369
2644,445,4235
2645,233,4258
2646,266,4246
2647,284,4287
2648,305,4338
2649,580,4313
2650,200,4390
2651,270,4473
2652,597,4529
2653,295,4428
2654,626,4423
2655,670,4475
2656,398,4412
2657,445,4408
2658,331,4330
2659,294,4244
2660,660,4201
2661,512,4200
2662,547,4209
2663,624,4106
2664,325,3929
2665,643,3975
2666,451,4103
2667,162,4310
2668,368,4294
2669,545,4301
2670,105,4242
2671,298,4274
2672,411,4294
2673,193,4358
2674,447,4381
2675,316,4344
2676,422,4348
2677,322,4387
2678,129,4366
2679,76,4343
2680,20,4296
2681,166,4279
2682,456,4270
2683,259,4293
2684,404,4333
2685,264,4400
2686,262,4410
2687,382,4409
2688,139,4449
2689,664,4445
2690,552,4403
2691,363,4380
2692,3,4324
2693,580,4346
2694,53,4403
2695,226,4407
2696,4,4406
2697,151,4337
2698,72,4333
2699,436,4369
2700,189,4432
2701,375,4403
2702,425,4391
2703,0,4413
2704,404,4391
2705,184,4374
2706,325,4362
2707,449,4380
2708,0,4365
2709,21,4358
2710,14,4337
2711,0,4355
2712,0,4355
2713,392,4366
2714,111,4373
2715,385,4378
2716,0,4375
2717,1,4382
2718,265,4381
2719,2,4387
2720,0,4372
2721,254,4387
2722,124,4397
2723,0,4395
2724,49,4413
2725,318,4410
2726,0,4410
2727,23,4420
2728,190,4444
2729,131,4444
2730,121,4475
2731,13,4514
2732,0,4518
2733,116,4566
2734,0,4606
2735,1,4647
2736,365,4714
2737,54,4749
2738,0,4758
2739,18,4774
2740,7,4733
2741,174,4708
2742,0,4678
2743,0,4633
2744,334,4632
2745,0,4580
2746,255,4561
2747,0,4561
2748,0,4526
2749,1,4478
2750,0,4460
2751,0,4429
2752,64,4446
2753,167,4460
2754,90,4454
2755,5,4426
2756,171,4433
2757,0,4406
2758,0,4375
2759,0,4380
2760,121,4342
2761,0,4338
2762,183,4331
2763,0,4315
2764,97,4290
2765,1,4310
2766,170,4355
2767,35,4382
2768,138,4363
2769,124,4373
2770,0,4374
2771,124,4365
2772,0,4399
2773,102,4425
2774,0,4418
2775,328,4411
2776,363,4386
2777,1,4367
2778,0,4374
2779,453,4371
2780,103,4359
2781,381,4343
2782,5,4364
2783,0,4380
2784,453,4391
2785,0,4385
2786,48,4395
2787,419,4379
2788,0,4409
2789,0,4389
2790,0,4414
2791,212,4441
2792,1,4430
2793,1,4448
2794,0,4453
2795,0,4436
2796,0,4446
2797,0,4445
2798,0,4467
2799,1,4456
2800,0,4456
2801,0,4468
2802,0,4495
2803,0,4516
2804,0,4529
2805,24,4527
2806,24,4535
2807,0,4552
2808,0,4545
2809,0,4553
2810,0,4540
2811,10,4558
2812,1,4549
2813,0,4569
2814,3,4601
2815,0,4601
2816,0,4597
2817,0,4590
2818,0,4591
2819,0,4592
2820,1,4600
2821,1,4606
2822,0,4603
2823,0,4603
2824,0,4597
2825,0,4586
2826,0,4591
2827,0,4609
2828,0,4606
2829,0,4602
2830,0,4592
2831,0,4594
2832,0,4599
2833,0,4597
2834,0,4602
2835,0,4608
2836,4,4626
2837,0,4629
2838,0,4625
2839,6,4618
2840,0,4619
2841,0,4609
2842,0,4618
2843,0,4612
2844,0,4589
2845,0,4587
2846,0,4586
2847,0,4589
2848,0,4594
2849,0,4599
2850,0,4602
2851,1,4596
2852,0,4597
2853,0,4593
2854,6,4584
2855,0,4580
2856,0,4588
2857,0,4594
2858,0,4582
2859,0,4592
2860,0,4591
2861,0,4587
2862,0,4584
2863,0,4578
2864,0,4576
2865,0,4574
2866,0,4578
2867,0,4578
2868,0,4580
2869,0,4580
2870,0,4585
2871,1,4583
2872,0,4603
2873,0,4593
2874,0,4596
2875,0,4585
2876,1,4593
2877,0,4602
2878,2,4602
2879,0,4606
2880,38,4605
2881,0,4607
2882,8,4614
2883,26,4633
2884,0,4637
2885,21,4634
2886,24,4625
2887,32,4624
2888,70,4625
2889,6,4629
2890,51,4628
2891,2,4627
2892,13,4629
2893,22,4635
2894,0,4633
2895,0,4634
2896,0,4609
2897,2,4619
2898,203,4623
2899,190,4618
2900,17,4613
2901,1,4611
2902,137,4595
2903,96,4601
2904,40,4603
2905,29,4596
2906,0,4602
2907,51,4609
2908,92,4625
2909,18,4625
2910,23,4621
2911,23,4629
2912,53,4646
2913,9,4634
2914,44,4639
2915,8,4640
2916,36,4634
2917,39,4650
2918,6,4654
2919,20,4630
2920,18,4607
2921,0,4615
2922,55,4606
2923,0,4603
2924,0,4607
2925,0,4609
2926,41,4601
2927,0,4601
2928,0,4593
2929,0,4602
2930,0,4612
2931,1,4615
2932,5,4610
2933,30,4613
2934,10,4612
2935,28,4593
2936,64,4550
2937,48,4532
2938,0,4528
2939,0,4527
2940,19,4516
2941,53,4521
2942,0,4512
2943,12,4507
2944,3,4510
2945,0,4517
2946,1,4532
2947,34,4574
2948,17,4587
2949,118,4614
2950,46,4657
2951,81,4660
2952,15,4690
2953,13,4715
2954,6,4711
2955,11,4715
2956,291,4745
2957,0,4757
2958,1,4788
2959,223,4786
2960,350,4779
2961,432,4743
2962,442,4752
2963,362,4775
2964,47,4796
2965,392,4791
2966,352,4801
2967,0,4810
2968,370,4784
2969,85,4786
2970,356,4763
2971,0,4764
2972,0,4739
2973,457,4725
2974,534,4724
2975,0,4714
2976,518,4750
2977,466,4747
2978,315,4744
2979,540,4726
2980,434,4719
2981,362,4723
2982,4,4759
2983,21,4766
2984,288,4755
2985,0,4732
2986,2,4657
2987,339,4647
2988,493,4652
2989,684,4598
2990,486,4574
2991,611,4519
2992,11,4466
2993,373,4484
2994,0,4504
2995,745,4557
2996,62,4567
2997,0,4638
2998,200,4702
2999,712,4745
3000,695,4814
3001,236,4840
3002,0,4852
3003,971,4831
3004,22,4834
3005,19,4843
3006,743,4888
3007,718,4818
3008,52,4802
3009,717,4789
3010,51,4764
3011,19,4781
3012,21,4806
3013,59,4804
3014,104,4807
3015,105,4771
3016,517,4760
3017,252,4742
3018,437,4711
3019,261,4754
3020,93,4717
3021,264,4685
3022,220,4662
3023,174,4666
3024,177,4647
3025,101,4591
3026,140,4577
3027,223,4521
3028,158,4504
3029,169,4459
3030,179,4396
3031,70,4378
3032,87,4372
3033,224,4412
3034,230,4420
3035,45,4408
3036,180,4448
3037,351,4418
3038,153,4450
3039,336,4495
3040,162,4546
3041,128,4551
3042,126,4584
3043,68,4604
3044,259,4623
3045,15,4609
3046,134,4635
3047,27,4608
3048,3,4661
3049,203,4663
3050,165,4680
3051,379,4691
3052,261,4681
3053,0,4681
3054,460,4649
3055,502,4665
3056,3,4648
3057,225,4565
3058,488,4513
3059,10,4500
3060,386,4439
3061,243,4468
3062,99,4472
3063,70,4539
3064,144,4608
3065,12,4650
3066,9,4743
3067,7,4801
3068,229,4796
3069,159,4784
3070,139,4801
3071,357,4801
3072,66,4822
3073,70,4876
3074,505,4867
3075,96,4853
3076,122,4841
3077,460,4838
3078,165,4812
3079,56,4812
3080,179,4834
3081,156,4830
3082,486,4813
3083,57,4790
3084,168,4768
3085,124,4752
3086,42,4718
3087,164,4686
3088,198,4681
3089,0,4682
3090,183,4679
3091,200,4688
3092,95,4667
3093,105,4645
3094,159,4661
3095,117,4691
3096,273,4673
3097,126,4644
3098,85,4658
3099,281,4620
3100,179,4588
3101,16,4552
3102,24,4493
3103,168,4479
3104,57,4451
3105,22,4432
3106,111,4433
3107,16,4424
3108,147,4478
3109,14,4476
3110,0,4485
3111,79,4462
3112,45,4508
3113,6,4520
3114,67,4547
3115,7,4563
3116,0,4568
3117,45,4592
3118,35,4609
3119,0,4621
3120,40,4613
3121,23,4658
3122,0,4673
3123,14,4685
3124,0,4693
3125,24,4700
3126,18,4681
3127,15,4725
3128,3,4720
3129,9,4711
3130,10,4709
3131,0,4701
3132,0,4707
3133,40,4710
3134,0,4729
3135,0,4717
3136,45,4686
3137,0,4708
3138,0,4698
3139,27,4716
3140,79,4709
3141,112,4702
3142,148,4725
3143,0,4716
3144,12,4723
3145,0,4732
3146,0,4735
3147,291,4746
3148,346,4744
3149,0,4740
3150,3,4750
3151,325,4753
3152,0,4738
3153,188,4738
3154,170,4763
3155,0,4748
3156,54,4768
3157,57,4788
3158,0,4793
3159,60,4805
3160,67,4812
3161,19,4799
3162,0,4823
3163,8,4830
3164,0,4818
3165,0,4828
3166,6,4839
3167,0,4833
3168,0,4856
3169,0,4852
3170,0,4874
3171,0,4891
3172,0,4878
3173,3,4884
3174,0,4886
3175,0,4895
3176,0,4912
3177,0,4924
3178,22,4963
3179,0,4967
3180,44,4987
3181,20,5037
3182,6,5045
3183,42,5063
3184,3,5087
3185,13,5117
3186,107,5099
3187,120,5085
3188,0,5093
3189,69,5120
3190,33,5143
3191,0,5141
3192,19,5165
3193,7,5179
3194,0,5190
3195,7,5221
3196,0,5240
3197,1,5248
3198,0,5268
3199,0,5262
3200,0,5283
3201,0,5297
3202,0,5308
3203,0,5311
3204,1,5313
3205,0,5326
3206,0,5344
3207,0,5352
3208,0,5370
3209,0,5382
3210,2,5377
3211,12,5349
3212,0,5382
3213,0,5366
3214,0,5391
3215,0,5399
3216,0,5391
3217,0,5399
3218,0,5387
3219,0,5383
3220,0,5381
3221,31,5370
3222,14,5372
3223,10,5386
3224,1,5385
3225,72,5398
3226,22,5385
3227,15,5397
3228,0,5393
3229,20,5380
3230,0,5395
3231,4,5382
3232,0,5384
3233,0,5387
3234,0,5371
3235,0,5380
3236,0,5317
3237,0,5332
3238,0,5346
3239,0,5360
3240,0,5351
3241,0,5353
3242,2,5357
3243,0,5368
3244,0,5367
3245,0,5369
3246,0,5363
3247,22,5357
3248,0,5356
3249,30,5364
3250,0,5377
3251,0,5364
3252,0,5373
3253,0,5377
3254,18,5386
3255,5,5380
3256,15,5377
3257,0,5374
3258,0,5373
3259,0,5379
3260,0,5372
3261,20,5363
3262,0,5367
3263,0,5371
3264,0,5376
3265,0,5380
3266,0,5374
3267,0,5385
3268,0,5385
3269,0,5391
3270,0,5394
3271,0,5394
3272,0,5398
3273,0,5399
3274,0,5402
3275,0,5409
3276,0,5400
3277,0,5395
3278,0,5392
3279,0,5398
3280,0,5386
3281,0,5388
3282,0,5385
3283,0,5386
3284,0,5382
3285,0,5379
3286,4,5327
3287,0,5322
3288,0,5326
3289,0,5309
3290,0,5309
3291,0,5311
3292,0,5309
3293,0,5317
3294,0,5317
3295,0,5321
3296,0,5321
3297,0,5321
3298,0,5316
3299,0,5319
3300,0,5327
3301,0,5328
3302,0,5322
3303,0,5318
3304,0,5320
3305,0,5320
3306,0,5318
3307,0,5326
3308,0,5326
3309,0,5334
3310,0,5339
3311,7,5314
3312,0,5311
3313,0,5305
3314,5,5311
3315,0,5311
3316,0,5319
3317,0,5325
3318,0,5326
3319,0,5317
3320,0,5307
3321,9,5318
3322,0,5314
3323,0,5310
3324,0,5314
3325,0,5316
3326,0,5314
3327,0,5323
3328,0,5318
3329,0,5310
3330,0,5328
3331,0,5330
3332,0,5342
3333,0,5349
3334,0,5357
3335,0,5362
3336,16,5301
3337,0,5308
3338,0,5312
3339,0,5317
3340,0,5327
3341,0,5319
3342,0,5309
3343,0,5328
3344,0,5322
3345,0,5323
3346,0,5306
3347,0,5310
3348,0,5311
3349,0,5315
3350,0,5326
3351,0,5317
3352,13,5319
3353,0,5320
3354,0,5338
3355,1,5359
3356,0,5363
3357,1,5369
3358,5,5382
3359,0,5387
3360,0,5385
3361,17,5360
3362,0,5366
3363,18,5359
3364,8,5356
3365,0,5364
3366,4,5348
3367,0,5372
3368,0,5372
3369,2,5376
3370,0,5369
3371,0,5360
3372,15,5359
3373,1,5363
3374,0,5368
3375,0,5370
3376,0,5368
3377,0,5360
3378,0,5353
3379,0,5355
3380,0,5357
3381,0,5360
3382,0,5369
3383,0,5363
3384,0,5363
3385,0,5366
3386,1,5337
3387,0,5340
3388,0,5347
3389,3,5350
3390,0,5350
3391,5,5348
3392,0,5352
3393,13,5355
3394,0,5355
3395,0,5355
3396,0,5366
3397,0,5363
3398,0,5358
3399,0,5361
3400,0,5364
3401,0,5352
3402,37,5354
3403,16,5348
3404,0,5354
3405,0,5353
3406,0,5349
3407,0,5357
3408,0,5350
3409,0,5338
3410,0,5336
3411,5,5326
3412,0,5321
3413,0,5333
3414,0,5328
3415,0,5328
3416,0,5322
3417,0,5318
3418,0,5323
3419,0,5321
3420,0,5323
3421,0,5320
3422,0,5319
3423,0,5318
3424,0,5321
3425,0,5315
3426,0,5311
3427,0,5310
3428,0,5315
3429,0,5320
3430,0,5314
3431,0,5313
3432,0,5309
3433,0,5306
3434,0,5303
3435,0,5302
3436,15,5280
3437,0,5283
3438,0,5278
3439,0,5279
3440,0,5288
3441,0,5298
3442,0,5300
3443,0,5298
3444,0,5307
3445,0,5303
3446,0,5307
3447,0,5306
3448,0,5309
3449,0,5313
3450,0,5314
3451,0,5312
3452,0,5320
3453,0,5318
3454,0,5318
3455,0,5318
3456,0,5316
3457,0,5318
3458,0,5324
3459,0,5327
3460,0,5329
3461,0,5305
3462,0,5305
3463,0,5305
3464,0,5304
3465,8,5295
3466,0,5298
3467,0,5299
3468,0,5301
3469,0,5299
3470,0,5301
3471,0,5304
3472,0,5311
3473,0,5322
3474,0,5328
3475,0,5332
3476,0,5331
3477,0,5328
3478,0,5332
3479,0,5334
3480,0,5340
3481,0,5337
3482,0,5342
3483,0,5347
3484,0,5347
3485,0,5344
3486,0,5335
3487,0,5341
3488,0,5344
3489,0,5348
3490,0,5341
3491,0,5341
3492,0,5342
3493,0,5341
3494,0,5343
3495,0,5349
3496,0,5345
3497,0,5345
3498,0,5355
3499,0,5355
3500,0,5354
3501,0,5371
3502,0,5374
3503,0,5362
3504,0,5363
3505,0,5365
3506,0,5368
3507,0,5359
3508,0,5366
3509,0,5366
3510,0,5369
3511,6,5341
3512,0,5330
3513,0,5336
3514,0,5343
3515,0,5343
3516,0,5343
3517,0,5358
3518,0,5365
3519,0,5358
3520,0,5356
3521,0,5356
3522,0,5362
3523,0,5358
3524,0,5358
3525,0,5353
3526,0,5352
3527,0,5349
3528,0,5350
3529,0,5352
3530,0,5353
3531,0,5358
3532,0,5361
3533,0,5359
3534,0,5357
3535,0,5352
3536,0,5346
3537,0,5360
3538,0,5360
3539,0,5357
3540,0,5356
3541,0,5350
3542,0,5351
3543,1,5344
3544,0,5342
3545,0,5344
3546,0,5328
3547,0,5327
3548,0,5328
3549,0,5324
3550,0,5335
3551,0,5330
3552,0,5324
3553,0,5332
3554,0,5331
3555,17,5330
3556,0,5331
3557,0,5330
3558,0,5321
3559,0,5324
3560,0,5333
3561,1,5308
3562,9,5307
3563,0,5312
3564,0,5315
3565,0,5325
3566,0,5333
3567,0,5331
3568,0,5328
3569,0,5324
3570,22,5341
3571,0,5347
3572,0,5349
3573,0,5356
3574,0,5366
3575,0,5376
3576,0,5367
3577,0,5371
3578,0,5362
3579,0,5342
3580,0,5346
3581,0,5342
3582,0,5342
3583,0,5336
3584,0,5329
3585,0,5322
3586,0,5326
3587,0,5321
3588,0,5326
3589,0,5324
3590,0,5324
3591,0,5322
3592,0,5325
3593,0,5334
3594,0,5345
3595,13,5306
3596,0,5309
3597,0,5324
3598,0,5325
3599,0,5324
3600,0,5323
3601,0,5330
3602,0,5327
3603,0,5334
3604,0,5330
3605,0,5332
3606,0,5341
3607,0,5344
3608,0,5341
3609,0,5342
3610,0,5346
3611,0,5354
3612,0,5356
3613,0,5359
3614,0,5363
3615,0,5365
3616,0,5364
3617,0,5380
3618,0,5379
3619,0,5384
3620,0,5360
3621,2,5362
3622,0,5375
3623,0,5380
3624,2,5387
3625,0,5385
3626,3,5374
3627,3,5369
3628,0,5365
3629,0,5361
3630,1,5362
3631,0,5373
3632,0,5370
3633,0,5369
3634,0,5374
3635,0,5372
3636,0,5362
3637,0,5374
3638,0,5375
3639,0,5372
3640,0,5379
3641,0,5372
3642,0,5380
3643,0,5374
3644,0,5372
3645,7,5351
3646,0,5354
3647,0,5348
3648,9,5351
3649,0,5357
3650,0,5356
3651,0,5356
3652,0,5362
3653,0,5365
3654,0,5360
3655,0,5361
3656,0,5354
3657,0,5353
3658,1,5359
3659,0,5354
3660,0,5352
3661,0,5347
3662,0,5352
3663,0,5356
3664,0,5361
3665,0,5362
3666,0,5359
3667,0,5354
3668,0,5350
3669,0,5353
3670,0,5319
3671,0,5326
3672,0,5332
3673,0,5328
3674,0,5324
3675,0,5319
3676,0,5340
3677,0,5350
3678,14,5356
3679,22,5365
3680,0,5376
3681,0,5380
3682,0,5384
3683,14,5384
3684,0,5385
3685,0,5380
3686,0,5377
3687,0,5379
3688,0,5375
3689,0,5368
3690,0,5376
3691,0,5377
3692,0,5381
3693,0,5375
3694,0,5374
3695,23,5352
3696,0,5357
3697,0,5372
3698,1,5364
3699,3,5358
3700,0,5365
3701,9,5371
3702,0,5365
3703,0,5350
3704,10,5362
3705,0,5361
3706,0,5349
3707,8,5362
3708,0,5356
3709,0,5348
3710,12,5351
3711,12,5341
3712,0,5343
3713,16,5302
3714,24,5296
3715,0,5282
3716,11,5287
3717,73,5296
3718,4,5302
3719,13,5274
3720,80,5238
3721,0,5234
3722,72,5221
3723,59,5236
3724,0,5236
3725,0,5242
3726,2,5216
3727,0,5215
3728,0,5218
3729,24,5227
3730,0,5218
3731,0,5216
3732,35,5229
3733,0,5226
3734,10,5228
3735,0,5234
3736,0,5241
3737,1,5229
3738,28,5231
3739,0,5235
3740,0,5233
3741,1,5245
3742,0,5241
3743,0,5241
3744,0,5249
3745,2,5230
3746,0,5221
3747,2,5226
3748,0,5249
3749,0,5245
3750,0,5236
3751,0,5229
3752,0,5243
3753,0,5243
3754,0,5240
3755,0,5233
3756,0,5228
3757,0,5245
3758,0,5234
3759,0,5229
3760,0,5235
3761,0,5239
3762,0,5238
3763,0,5235
3764,0,5241
3765,0,5241
3766,0,5238
3767,17,5232
3768,19,5237
3769,0,5238
3770,23,5205
3771,6,5202
3772,2,5200
3773,0,5222
3774,1,5224
3775,20,5223
3776,6,5236
3777,0,5242
3778,0,5248
3779,1,5257
3780,2,5247
3781,0,5230
3782,54,5227
3783,13,5219
3784,0,5221
3785,24,5238
3786,59,5261
3787,0,5260
3788,79,5273
3789,90,5277
3790,7,5279
3791,75,5263
3792,14,5270
3793,0,5261
3794,1,5270
3795,14,5262
3796,0,5269
3797,53,5291
3798,56,5305
3799,3,5338
3800,100,5346
3801,164,5370
3802,0,5389
3803,5,5405
3804,157,5439
3805,0,5446
3806,0,5463
3807,10,5486
3808,0,5475
3809,61,5491
3810,4,5506
3811,0,5491
3812,11,5504
3813,1,5504
3814,0,5512
3815,0,5514
3816,0,5514
3817,0,5512
3818,0,5508
3819,0,5503
3820,0,5465
3821,0,5479
3822,0,5484
3823,0,5490
3824,0,5495
3825,0,5480
3826,0,5487
3827,0,5485
3828,0,5485
3829,0,5487
3830,0,5488
3831,0,5496
3832,0,5491
3833,0,5493
3834,0,5496
3835,0,5513
3836,0,5516
3837,0,5508
3838,0,5511
3839,0,5518
3840,0,5509
3841,0,5500
3842,0,5507
3843,0,5508
3844,0,5509
3845,4,5501
3846,0,5501
3847,0,5505
3848,0,5506
3849,0,5503
3850,0,5504
3851,0,5510
3852,0,5523
3853,0,5507
3854,0,5517
3855,0,5513
3856,0,5513
3857,0,5501
3858,0,5506
3859,0,5499
3860,0,5497
3861,0,5492
3862,0,5488
3863,0,5499
3864,0,5509
3865,0,5507
3866,0,5508
3867,0,5508
3868,0,5509
3869,0,5517
3870,0,5453
3871,0,5465
3872,0,5459
3873,0,5457
3874,0,5468
3875,0,5460
3876,0,5468
3877,0,5486
3878,0,5487
3879,5,5488
3880,0,5480
3881,0,5474
3882,0,5479
3883,21,5482
3884,77,5475
3885,9,5476
3886,0,5481
3887,0,5480
3888,0,5480
3889,0,5483
3890,9,5487
3891,27,5496
3892,0,5490
3893,0,5488
3894,0,5484
3895,0,5489
3896,19,5480
3897,0,5484
3898,11,5484
3899,49,5493
3900,22,5494
3901,14,5505
3902,0,5496
3903,0,5515
3904,0,5520
3905,0,5525
3906,29,5524
3907,0,5528
3908,4,5539
3909,0,5523
3910,0,5533
3911,0,5535
3912,12,5534
3913,0,5530
3914,5,5531
3915,0,5539
3916,0,5535
3917,0,5533
3918,11,5534
3919,0,5527
3920,7,5496
3921,10,5504
3922,0,5502
3923,0,5487
3924,14,5486
3925,0,5486
3926,0,5489
3927,0,5479
3928,0,5483
3929,8,5504
3930,10,5491
3931,0,5492
3932,23,5494
3933,53,5502
3934,0,5502
3935,35,5515
3936,0,5519
3937,0,5517
3938,6,5521
3939,0,5540
3940,0,5525
3941,0,5523
3942,0,5525
3943,0,5514
3944,3,5504
3945,4,5500
3946,0,5506
3947,0,5505
3948,0,5505
3949,0,5509
3950,0,5519
3951,0,5512
3952,0,5513
3953,0,5525
3954,0,5518
3955,0,5524
3956,0,5521
3957,0,5529
3958,0,5539
3959,0,5542
3960,0,5540
3961,0,5546
3962,0,5540
3963,0,5544
3964,0,5554
3965,0,5554
3966,0,5555
3967,0,5553
3968,0,5553
3969,0,5550
3970,0,5535
3971,0,5526
3972,0,5519
3973,0,5525
3974,0,5515
3975,0,5510
3976,0,5508
3977,0,5502
3978,0,5516
3979,0,5514
3980,0,5525
3981,0,5529
3982,0,5517
3983,0,5524
3984,17,5516
3985,0,5525
3986,22,5512
3987,14,5524
3988,6,5525
3989,2,5524
3990,0,5529
3991,0,5534
3992,0,5538
3993,0,5537
3994,0,5537
3995,15,5476
3996,0,5469
3997,0,5488
3998,0,5483
3999,0,5477
4000,0,5469
4001,0,5459
4002,0,5477
4003,0,5475
4004,0,5481
4005,0,5477
4006,0,5479
4007,0,5479
4008,0,5485
4009,0,5486
4010,0,5482
4011,0,5483
4012,0,5490
4013,0,5499
4014,0,5497
4015,0,5494
4016,0,5497
4017,0,5489
4018,0,5493
4019,0,5489
4020,20,5451
4021,0,5461
4022,0,5465
4023,15,5470
4024,0,5472
4025,0,5475
4026,0,5478
4027,0,5483
4028,0,5491
4029,0,5489
4030,0,5488
4031,0,5485
4032,0,5483
4033,0,5491
4034,0,5506
4035,0,5507
4036,1,5500
4037,0,5497
4038,25,5502
4039,0,5505
4040,3,5493
4041,0,5495
4042,0,5496
4043,0,5506
4044,0,5513
4045,1,5492
4046,0,5483
4047,0,5488
4048,0,5484
4049,0,5489
4050,0,5498
4051,0,5504
4052,0,5512
4053,0,5508
4054,0,5509
4055,0,5505
4056,0,5503
4057,0,5508
4058,0,5515
4059,0,5514
4060,0,5515
4061,0,5508
4062,0,5510
4063,0,5509
4064,0,5513
4065,0,5509
4066,0,5512
4067,0,5511
4068,0,5517
4069,0,5518
4070,2,5504
4071,0,5501
4072,0,5495
4073,1,5498
4074,1,5505
4075,0,5499
4076,0,5502
4077,0,5499
4078,0,5505
4079,0,5500
4080,0,5501
4081,0,5499
4082,0,5506
4083,0,5516
4084,0,5515
4085,0,5517
4086,0,5515
4087,0,5524
4088,0,5527
4089,0,5522
4090,0,5528
4091,0,5524
4092,0,5521
4093,0,5522
4094,0,5518
4095,3,5472
4096,0,5483
4097,0,5484
4098,0,5478
4099,0,5480
4100,0,5471
4101,0,5486
4102,0,5489
4103,0,5486
4104,0,5491
4105,0,5485
4106,0,5493
4107,0,5495
4108,0,5498
4109,0,5491
4110,0,5495
4111,0,5487
4112,0,5493
4113,0,5486
4114,0,5482
4115,0,5479
4116,0,5478
4117,0,5471
4118,0,5475
4119,0,5475
4120,31,5483
4121,0,5482
4122,0,5489
4123,0,5500
4124,0,5497
4125,0,5501
4126,0,5496
4127,0,5503
4128,0,5491
4129,3,5496
4130,0,5497
4131,0,5487
4132,0,5481
4133,0,5498
4134,0,5486
4135,0,5482
4136,0,5493
4137,0,5493
4138,0,5488
4139,0,5468
4140,0,5462
4141,2,5453
4142,5,5460
4143,0,5460
4144,7,5446
4145,0,5423
4146,0,5439
4147,0,5431
4148,2,5445
4149,0,5446
4150,40,5427
4151,0,5445
4152,3,5451
4153,7,5459
4154,64,5441
4155,0,5446
4156,0,5445
4157,0,5472
4158,0,5461
4159,0,5455
4160,21,5461
4161,0,5470
4162,0,5479
4163,12,5441
4164,11,5450
4165,84,5473
4166,97,5475
4167,5,5479
4168,77,5489
4169,2,5477
4170,14,5465
4171,176,5474
4172,2,5449
4173,0,5470
4174,170,5451
4175,10,5466
4176,16,5456
4177,1,5465
4178,466,5472
4179,0,5457
4180,41,5447
4181,190,5472
4182,2,5475
4183,28,5513
4184,155,5470
4185,0,5503
4186,171,5504
4187,145,5522
4188,5,5534
4189,180,5557
4190,71,5541
4191,12,5549
4192,128,5536
4193,88,5521
4194,1,5531
4195,248,5528
4196,99,5525
4197,8,5532
4198,79,5540
4199,68,5530
4200,0,5516
4201,4,5560
4202,406,5559
4203,20,5549
4204,530,5530
4205,68,5517
4206,21,5563
4207,497,5585
4208,354,5566
4209,41,5564
4210,704,5590
4211,268,5616
4212,94,5620
4213,604,5655
4214,421,5663
4215,28,5667
4216,236,5686
4217,350,5694
4218,148,5661
4219,505,5673
4220,563,5644
4221,32,5621
4222,984,5586
4223,726,5626
4224,64,5601
4225,503,5594
4226,36,5583
4227,308,5563
4228,795,5515
4229,1387,5482
4230,539,5453
4231,1443,5491
4232,1181,5445
4233,239,5498
4234,1222,5480
4235,1296,5425
4236,769,5391
4237,1010,5338
4238,1471,5315
4239,316,5329
4240,1218,5281
4241,794,5271
4242,641,5278
4243,1400,5263
4244,1407,5232
4245,496,5248
4246,1277,5247
4247,1547,5214
4248,683,5227
4249,1585,5209
4250,1384,5155
4251,729,5118
4252,1142,5101
4253,1123,5154
4254,701,5130
4255,1528,5080
4256,1408,5102
4257,736,5053
4258,1332,5010
4259,717,5003
4260,754,4993
4261,1611,4934
4262,409,4987
4263,568,4940
4264,1259,4913
4265,1600,4901
4266,937,4930
4267,1427,4961
4268,1194,4979
4269,795,4968
4270,1385,4938
4271,1483,4888
4272,1180,4859
4273,1187,4782
4274,1234,4776
4275,901,4832
4276,1605,4811
4277,1101,4810
4278,1440,4849
4279,1455,4877
4280,1156,4904
4281,1523,4882
4282,1044,4896
4283,1015,4906
4284,1157,4923
4285,1603,4933
4286,1329,4933
4287,1358,4933
4288,1363,4947
4289,1540,4933
4290,1150,4923
4291,1705,4972
4292,1059,4993
4293,42,4951
4294,1642,4903
4295,1322,4819
4296,16,4790
4297,1152,4777
4298,475,4769
4299,1123,4754
4300,1422,4877
4301,1181,4952
4302,1116,4931
4303,1206,4936
4304,1237,4983
4305,106,5026
4306,1671,4989
4307,1849,4999
4308,1274,4995
4309,1540,4915
4310,1682,4799
4311,1029,4729
4312,1704,4664
4313,1480,4509
4314,1138,4479
4315,1399,4454
4316,1871,4445
4317,854,4400
4318,1575,4321
4319,1376,4400
4320,691,4381
4321,1269,4422
4322,1172,4399
4323,724,4362
4324,1867,4395
4325,1174,4449
4326,766,4415
4327,1317,4409
4328,1045,4481
4329,555,4427
4330,437,4421
4331,1139,4443
4332,558,4431
4333,1345,4379
4334,1349,4324
4335,495,4285
4336,1093,4255
4337,889,4127
4338,441,4118
4339,1244,4089
4340,936,4075
4341,901,4013
4342,907,3964
4343,474,3853
4344,745,3795
4345,1043,3838
4346,1086,3737
4347,542,3760
4348,1089,3783
4349,915,3859
4350,616,3855
4351,1088,3972
4352,979,4027
4353,675,4034
4354,925,4096
4355,855,4121
4356,685,4114
4357,611,4128
4358,971,4134
4359,528,4137
4360,640,4086
4361,692,4074
4362,195,3997
4363,873,4000
4364,653,4062
4365,423,4099
4366,755,4036
4367,652,4065
4368,623,4053
4369,821,4071
4370,734,3550
4371,497,3910
4372,667,3899
4373,618,3891
4374,423,3897
4375,473,3882
4376,108,3811
4377,487,3829
4378,436,3824
4379,503,3866
4380,590,3868
4381,596,3780
4382,198,3747
4383,941,3757
4384,848,3781
4385,493,3811
4386,667,3918
4387,735,3921
4388,725,4028
4389,540,4038
4390,620,4085
4391,456,4119
4392,467,4119
4393,705,4171
4394,756,4144
4395,640,4162
4396,505,4220
4397,935,4304
4398,695,4294
4399,1198,4314
4400,717,4265
4401,871,4306
4402,772,4263
4403,707,4296
4404,882,4302
4405,1257,4359
4406,1115,4346
4407,901,4474
4408,1179,4419
4409,753,4456
4410,780,4396
4411,1317,4500
4412,1398,4511
4413,936,4476
4414,716,4520
4415,724,4519
4416,513,4499
4417,1267,4412
4418,546,4356
4419,546,4287
4420,1325,4230
4421,1387,4174
4422,936,4160
4423,1226,4343
4424,528,4339
4425,918,4311
4426,1607,4303
4427,1348,4376
4428,1323,4410
4429,696,4427
4430,947,4494
4431,940,4549
4432,937,4643
4433,357,4703
4434,1334,4765
4435,1053,4826
4436,807,4787
4437,891,4704
4438,893,4684
4439,1080,4623
4440,1101,4549
4441,1315,4497
4442,1198,4438
4443,1015,4458
4444,949,4467
4445,1168,4445
4446,1390,4463
4447,974,4534
4448,948,4609
4449,913,4613
4450,425,4623
4451,1242,4522
4452,1286,4506
4453,1101,4572
4454,1022,4506
4455,1173,4506
4456,1183,4492
4457,441,4526
4458,199,4566
4459,1292,4515
4460,717,4568
4461,1258,4569
4462,963,4626
4463,997,4619
4464,998,4644
4465,789,4582
4466,840,4577
4467,960,4561
4468,499,4438
4469,906,4363
4470,537,4323
4471,930,4280
4472,356,4283
4473,951,4338
4474,766,4324
4475,735,4323
4476,1083,4376
4477,196,4243
4478,393,4026
4479,1134,3987
4480,517,3938
4481,597,3891
4482,852,3858
4483,829,3863
4484,528,3912
4485,706,3954
4486,586,3967
4487,711,3933
4488,708,3947
4489,663,3998
4490,405,4060
4491,241,3996
4492,477,3920
4493,335,3813
4494,776,3749
4495,254,3736
4496,434,3626
4497,868,3523
4498,673,3472
4499,524,3371
4500,659,3385
4501,499,3371
4502,641,3418
4503,1103,3416
4504,714,3420
4505,816,3317
4506,1074,3304
4507,632,3373
4508,649,3552
4509,1030,3563
4510,630,3579
4511,571,3683
4512,797,3662
4513,752,3650
4514,708,3567
4515,1101,3635
4516,782,3784
4517,636,3952
4518,371,3961
4519,950,4088
4520,619,4156
4521,427,4187
4522,159,4142
4523,1227,4074
4524,1370,4078
4525,1013,4032
4526,584,3986
4527,637,4028
4528,1112,4085
4529,1293,4180
4530,1751,4247
4531,1216,4327
4532,698,4292
4533,1563,4310
4534,1172,4305
4535,1037,4332
4536,1140,4351
4537,1319,4446
4538,557,4495
4539,1050,4449
4540,1026,4318
4541,912,4230
4542,961,4260
4543,737,4130
4544,889,4029
4545,634,3995
4546,380,4024
4547,968,4109
4548,782,4165
4549,945,4199
4550,961,4244
4551,495,4241
4552,1153,4270
4553,986,4157
4554,456,4176
4555,811,4119
4556,783,4250
4557,1112,4294
4558,156,4433
4559,938,4520
4560,1254,4487
4561,997,4643
4562,1103,4714
4563,1224,4728
4564,1132,4611
4565,1089,4517
4566,1205,4525
4567,849,4407
4568,784,4378
4569,766,4380
4570,369,4393
4571,1121,4398
4572,940,4428
4573,1128,4399
4574,866,4369
4575,478,4366
4576,963,4355
4577,960,4338
4578,823,4313
4579,734,4348
4580,894,4411
4581,603,4426
4582,727,4488
4583,689,4556
4584,1368,4542
4585,955,4630
4586,1129,4685
4587,768,4721
4588,861,4740
4589,859,4717
4590,859,4698
4591,649,4646
4592,790,4621
4593,881,4607
4594,959,4656
4595,858,4623
4596,809,4611
4597,1002,4507
4598,762,4505
4599,1210,4508
4600,1339,4516
4601,741,4505
4602,735,4505
4603,589,4566
4604,928,4575
4605,770,4570
4606,881,4575
4607,993,4516
4608,796,4509
4609,489,4499
4610,538,4360
4611,728,4344
4612,416,4282
4613,864,4256
4614,896,4218
4615,642,4203
4616,500,4164
4617,473,4120
4618,482,4116
4619,435,4056
4620,640,4040
4621,972,4018
4622,444,4012
4623,597,3998
4624,364,3930
4625,732,4002
4626,17,3993
4627,533,4027
4628,563,4031
4629,433,4041
4630,508,4095
4631,663,4240
4632,656,4316
4633,630,4452
4634,926,4554
4635,962,4618
4636,677,4657
4637,906,4716
4638,1037,4784
4639,1066,4786
4640,566,4770
4641,62,4722
4642,897,4662
4643,1120,4578
4644,742,4601
4645,1126,4741
4646,993,4800
4647,596,4790
4648,983,4724
4649,616,4654
4650,784,4628
4651,221,4606
4652,642,4607
4653,636,4578
4654,738,4525
4655,662,4399
4656,467,4344
4657,739,4338
4658,859,4277
4659,411,4259
4660,593,4163
4661,738,4180
4662,724,4187
4663,707,4225
4664,736,4151
4665,932,4120
4666,938,4112
4667,781,4028
4668,665,4013
4669,426,4028
4670,739,4113
4671,669,4148
4672,319,4206
4673,508,4206
4674,409,4148
4675,214,4143
4676,257,4109
4677,562,4130
4678,282,4124
4679,238,4101
4680,302,4114
4681,527,4178
4682,507,4214
4683,394,4219
4684,618,4159
4685,632,4229
4686,464,4191
4687,624,4133
4688,448,4070
4689,1029,4093
4690,388,4152
4691,542,4117
4692,591,4081
4693,369,4098
4694,458,4164
4695,522,4198
4696,517,4189
4697,562,4154
4698,667,4132
4699,718,4088
4700,425,4042
4701,778,4087
4702,447,4241
4703,794,4349
4704,538,4380
4705,265,4482
4706,546,4567
4707,645,4599
4708,159,4580
4709,807,4528
4710,852,4568
4711,747,4610
4712,333,4601
4713,566,4555
4714,657,4515
4715,841,4513
4716,728,4450
4717,543,4428
4718,574,4264
4719,799,4269
4720,737,4360
4721,519,4287
4722,1224,4221
4723,737,4209
4724,449,4199
4725,783,4193
4726,280,4199
4727,935,4121
4728,1074,4133
4729,798,4071
4730,446,4181
4731,478,4283
4732,730,4344
4733,331,4412
4734,1289,4473
4735,405,4407
4736,647,4347
4737,639,4327
4738,421,4238
4739,441,4167
4740,1125,4160
4741,514,4189
4742,297,4037
4743,1218,4030
4744,22,4126
4745,558,4215
4746,786,4323
4747,519,4329
4748,514,4292
4749,1067,4201
4750,525,4220
4751,664,4196
4752,498,4215
4753,524,4204
4754,365,4231
4755,529,4252
4756,416,4194
4757,348,4227
4758,1013,4236
4759,435,4324
4760,770,4332
4761,427,4330
4762,306,4312
4763,534,4272
4764,781,4261
4765,427,4320
4766,524,4335
4767,276,4337
4768,390,4375
4769,367,4365
4770,176,4371
4771,39,4427
4772,177,4414
4773,353,4413
4774,191,4424
4775,174,4406
4776,233,4405
4777,211,4401
4778,235,4361
4779,24,4355
4780,8,4345
4781,12,4330
4782,2,4324
4783,7,4296
4784,1,4266
4785,10,4259
4786,48,4224
4787,0,4221
4788,0,4226
4789,0,4234
4790,0,4238
4791,0,4235
4792,0,4232
4793,0,4233
4794,0,4234
4795,1,4253
4796,0,4249
4797,0,4251
4798,0,4252
4799,0,4250
4800,0,4247
4801,11,4246
4802,10,4245
4803,0,4247
4804,0,4248
4805,0,4248
4806,4,4252
4807,0,4254
4808,0,4250
4809,1,4253
4810,3,4256
4811,0,4252
4812,0,4253
4813,0,4255
4814,0,4258
4815,0,4265
4816,10,4267
4817,6,4266
4818,0,4269
4819,0,4268
4820,0,4280
4821,0,4283
4822,0,4280
4823,0,4281
4824,0,4284
4825,0,4281
4826,25,4287
4827,0,4284
4828,0,4282
4829,0,4284
4830,0,4283
4831,0,4280
4832,0,4279
4833,0,4281
4834,39,4313
4835,0,4315
4836,0,4305
4837,0,4302
4838,0,4304
4839,0,4301
4840,0,4304
4841,0,4304
4842,0,4292
4843,0,4295
4844,0,4297
4845,0,4294
4846,0,4298
4847,0,2459
4848,0,4296
4849,0,4290
4850,0,4290
4851,0,4292
4852,0,4294
4853,0,4290
4854,0,4281
4855,0,4281
4856,0,4278
4857,0,4273
4858,28,4274
4859,0,4256
4860,5,4248
4861,0,4252
4862,0,4254
4863,0,4249
4864,0,4249
4865,3,4247
4866,0,4259
4867,0,4260
4868,0,4261
4869,0,4258
4870,0,4260
4871,0,4261
4872,0,4264
4873,0,4263
4874,0,4264
4875,0,4262
4876,0,4263
4877,0,4261
4878,0,4264
4879,0,4264
4880,0,4265
4881,23,4270
4882,0,4268
4883,0,4269
4884,0,4253
4885,0,4252
4886,0,4252
4887,0,4252
4888,0,4253
4889,0,4254
4890,0,4255
4891,0,4916
4892,0,4258
4893,0,4260
4894,0,4263
4895,0,4260
4896,0,4256
4897,7,4255
4898,0,4253
4899,0,4258
4900,0,4261
4901,0,4264
4902,0,4265
4903,0,4260
4904,0,4262
4905,0,4264
4906,0,4265
4907,0,4267
4908,0,4266
4909,0,4267
4910,0,4265
4911,0,4266
4912,0,4258
4913,0,4257
4914,0,4256
4915,0,4256
4916,4,4280
4917,114,4396
4918,0,4467
4919,41,4508
4920,175,4544
4921,0,4556
4922,0,4540
4923,0,4444
4924,0,4345
4925,198,4345
4926,78,4274
4927,26,4238
4928,204,4232
4929,218,4400
4930,340,4515
4931,362,4548
4932,204,4592
4933,464,4785
4934,373,4769
4935,494,4685
4936,133,4595
4937,496,4543
4938,534,4505
4939,408,4438
4940,199,4442
4941,207,4398
4942,408,4263
4943,162,4192
4944,244,4189
4945,247,4230
4946,80,4209
4947,120,4188
4948,114,4189
4949,228,4184
4950,137,4247
4951,64,4330
4952,235,4394
4953,190,4436
4954,158,4396
4955,430,4409
4956,115,4359
4957,315,4300
4958,181,4302
4959,96,4327
4960,159,4341
4961,180,4344
4962,189,4358
4963,145,4357
4964,156,4355
4965,135,4360
4966,295,4430
4967,284,4429
4968,140,4404
4969,72,4363
4970,11,4361
4971,109,4297
4972,404,4255
4973,202,4242
4974,158,4176
4975,163,4194
4976,259,4238
4977,185,4386
4978,194,4397
4979,41,4296
4980,255,4401
4981,357,4403
4982,132,4425
4983,333,4320
4984,200,4300
4985,52,4259
4986,231,4140
4987,28,4035
4988,115,4050
4989,390,4100
4990,103,4119
4991,114,4155
4992,189,4204
4993,234,4241
4994,61,4228
4995,60,4232
4996,124,4263
4997,260,4241
4998,145,4302
4999,194,4293
5000,193,4299
5001,249,4268
5002,81,4275
5003,256,4277
5004,257,4287
5005,247,4303
5006,228,4305
5007,160,4318
5008,294,4331
5009,217,4313
5010,213,4314
5011,133,4318
5012,60,4323
5013,147,4339
5014,150,4330
5015,140,4322
5016,77,4324
5017,60,4314
5018,18,4294
5019,8,4256
5020,17,4251
5021,4,4266
5022,11,4289
5023,9,4274
5024,2,4274
5025,0,4291
5026,0,4275
5027,15,4253
5028,39,4209
5029,1,4213
5030,2,4199
5031,18,4220
5032,81,4232
5033,27,4245
5034,12,4250
5035,63,4273
5036,87,4267
5037,31,4303
5038,75,4304
5039,0,4296
5040,0,4296
5041,8,4299
5042,63,4295
5043,152,4328
5044,46,4324
5045,101,4318
5046,0,4306
5047,125,4318
5048,0,4301
5049,52,4304
5050,25,4322
5051,4,4323
5052,12,4345
5053,86,4345
5054,9,4357
5055,16,4349
5056,1,4341
5057,1,4331
5058,6,4299
5059,29,4257
5060,0,4251
5061,106,4248
5062,68,4207
5063,204,4198
5064,90,4194
5065,133,4113
5066,0,4076
5067,222,4098
5068,0,4043
5069,89,4022
5070,139,3974
5071,188,3942
5072,476,3932
5073,412,3964
5074,88,3964
5075,311,3961
5076,189,3965
5077,333,3955
5078,309,3982
5079,256,3972
5080,106,3949
5081,0,3962
5082,533,3851
5083,181,3803
5084,474,3842
5085,177,3752
5086,0,3698
5087,559,3702
5088,172,3683
5089,417,3695
5090,8,3711
5091,307,3755
5092,151,3800
5093,0,3797
5094,202,3847
5095,409,3905
5096,208,3936
5097,0,3984
5098,393,3977
5099,0,3967
5100,32,3920
5101,225,3880
5102,262,3861
5103,141,3909
5104,0,3873
5105,2,3883
5106,0,3961
5107,240,4107
5108,1,4188
5109,9,4322
5110,208,4364
5111,208,4382
5112,2,4429
5113,17,4419
5114,0,4416
5115,25,4386
5116,18,4341
5117,35,4312
5118,3,4260
5119,0,4270
5120,0,4276
5121,0,4278
5122,0,4280
5123,0,4277
5124,0,4290
5125,0,4298
5126,0,4297
5127,2,4296
5128,0,4293
5129,0,4298
5130,0,4299
5131,0,4300
5132,0,4301
5133,0,4300
5134,0,4290
5135,0,4288
5136,0,4289
5137,0,4288
5138,0,4290
5139,0,4290
5140,0,4289
5141,0,4292
5142,0,4296
5143,0,4298
5144,0,4299
5145,0,4295
5146,0,4299
5147,0,4299
5148,2,4301
5149,0,4300
5150,0,4300
5151,0,4299
5152,0,4303
5153,0,4309
5154,0,4307
5155,0,4304
5156,0,4303
5157,0,4302
5158,0,4301
5159,2,4292
5160,0,4293
5161,0,4295
5162,0,4294
5163,0,4294
5164,0,4295
5165,0,4293
5166,0,4296
5167,0,4296
5168,0,4295
5169,0,4297
5170,0,4296
5171,0,4296
5172,0,4298
5173,0,4294
5174,0,4294
5175,0,4292
5176,0,4291
5177,0,4290
5178,0,4290
5179,0,4290
5180,0,4287
5181,0,4289
5182,0,4291
5183,0,4292
5184,33,4285
5185,0,4283
5186,0,4282
5187,0,4287
5188,0,4287
5189,0,4289
5190,0,4292
5191,0,4297
5192,0,4299
5193,0,4300
5194,0,4300
5195,0,4282
5196,0,4284
5197,0,4281
5198,0,4285
5199,0,4285
5200,0,4286
5201,0,4283
5202,0,4285
5203,0,4285
5204,0,4285
5205,0,4282
5206,0,4279
5207,0,4283
5208,0,4286
5209,0,4286
5210,0,4284
5211,0,4283
5212,0,4283
5213,0,4285
5214,0,4284
5215,0,4286
5216,0,4287
5217,0,4289
5218,0,4288
5219,0,4288
5220,0,4284
5221,0,4287
5222,0,4287
5223,0,4289
5224,0,4287
5225,0,4287
5226,0,4288
5227,0,4290
5228,0,4289
5229,0,4288
5230,0,4286
5231,0,4288
5232,0,4289
5233,0,4295
5234,0,4289
5235,0,4290
5236,0,4290
5237,0,4290
5238,0,4294
5239,0,4292
5240,0,4291
5241,0,4291
5242,0,4291
5243,0,4295
5244,0,4296
5245,0,4284
5246,0,4283
5247,0,4288
5248,0,4289
5249,0,4288
5250,0,4285
5251,0,4280
5252,0,4280
5253,0,4281
5254,0,4283
5255,0,4282
5256,0,4280
5257,62,4268
5258,0,4254
5259,120,4255
5260,22,4337
5261,21,4461
5262,15,4501
5263,24,4568
5264,388,4659
5265,0,4683
5266,258,4699
5267,14,4662
5268,6,4616
5269,263,4526
5270,0,4484
5271,403,4463
5272,30,4446
5273,167,4374
5274,39,4346
5275,86,4288
5276,37,4246
5277,155,4240
5278,152,4211
5279,277,4197
5280,178,4186
5281,90,4180
5282,14,4181
5283,1,4167
5284,16,4163
5285,0,4159
5286,97,4166
5287,92,4135
5288,234,4158
5289,493,4187
5290,521,4206
5291,246,4202
5292,547,4235
5293,88,4216
5294,470,4151
5295,77,4150
5296,43,4105
5297,160,4072
5298,292,4077
5299,1,4056
5300,839,4098
5301,79,4079
5302,78,4097
5303,274,4063
5304,33,4078
5305,745,4078
5306,615,4088
5307,258,4053
5308,55,4099
5309,565,4120
5310,49,4118
5311,181,4139
5312,78,4191
5313,186,4224
5314,427,4179
5315,154,4198
5316,177,4195
5317,59,4204
5318,67,4191
5319,29,4229
5320,135,4255
5321,49,4268
5322,404,4254
5323,0,4246
5324,6,4229
5325,0,4244
5326,38,4245
5327,47,4265
5328,49,4278
5329,72,4239
5330,118,4247
5331,2,4262
5332,312,4356
5333,109,4441
5334,210,4481
5335,198,4478
5336,445,4497
5337,169,4480
5338,298,4507
5339,182,4409
5340,37,4404
5341,106,4367
5342,138,4375
5343,186,4387
5344,168,4397
5345,209,4375
5346,69,4386
5347,57,4354
5348,76,4247
5349,51,4280
5350,71,4304
5351,74,4312
5352,147,4323
5353,44,4295
5354,0,4329
5355,49,4330
5356,79,4328
5357,176,4377
5358,380,4383
5359,356,4365
5360,72,4386
5361,107,4379
5362,323,4394
5363,378,4352
5364,399,4337
5365,247,4370
5366,278,4321
5367,94,4328
5368,332,4380
5369,151,4445
5370,123,4475
5371,378,4531
5372,593,4538
5373,371,4503
5374,125,4478
5375,401,4505
5376,12,4525
5377,336,4539
5378,25,4552
5379,72,4571
5380,204,4547
5381,278,4568
5382,531,4578
5383,289,4592
5384,629,4592
5385,392,4605
5386,39,4674
5387,171,4742
5388,335,4781
5389,320,4851
5390,282,4898
5391,272,4917
5392,107,4954
5393,401,4976
5394,153,4991
5395,548,4987
5396,364,4956
5397,63,4932
5398,358,4938
5399,218,4899
5400,83,4894
5401,154,4892
5402,280,4857
5403,367,4830
5404,173,4801
5405,245,4767
5406,308,4773
5407,296,4793
5408,37,4791
5409,107,4768
5410,201,4765
5411,71,4746
5412,77,4747
5413,96,4735
5414,92,4711
5415,76,4685
5416,374,4713
5417,313,4741
5418,277,4762
5419,277,4798
5420,409,4836
5421,374,4838
5422,423,4849
5423,385,4870
5424,120,4897
5425,446,4897
5426,323,4914
5427,386,4923
5428,233,4926
5429,470,4900
5430,56,4871
5431,423,4883
5432,268,4871
5433,0,4883
5434,113,4878
5435,50,4892
5436,0,4881
5437,428,4897
5438,358,4891
5439,9,4899
5440,489,4909
5441,283,4878
5442,79,4866
5443,320,4854
5444,227,4837
5445,464,4845
5446,447,4816
5447,127,4784
5448,2,4780
5449,388,4768
5450,499,4793
5451,93,4761
5452,109,4727
5453,723,4719
5454,235,4732
5455,704,4740
5456,444,4731
5457,133,4754
5458,569,4756
5459,253,4736
5460,0,4737
5461,51,4742
5462,580,4706
5463,0,4709
5464,562,4704
5465,2,4706
5466,4,4700
5467,180,4665
5468,0,4652
5469,0,4635
5470,264,4602
5471,397,4575
5472,0,4567
5473,251,4570
5474,116,4546
5475,38,4559
5476,0,4556
5477,253,4559
5478,1,4542
5479,250,4556
5480,139,4574
5481,3,4600
5482,264,4588
5483,0,4614
5484,137,4603
5485,71,4644
5486,233,4648
5487,86,4655
5488,1,4672
5489,15,4694
5490,153,4691
5491,0,4717
5492,363,4705
5493,153,4725
5494,43,4741
5495,161,4715
5496,0,4717
5497,68,4720
5498,362,4722
5499,0,4733
5500,0,4697
5501,0,4718
5502,19,4698
5503,279,4707
5504,0,4746
5505,4,4775
5506,351,4756
5507,0,4762
5508,0,4761
5509,0,4750
5510,0,4761
5511,115,4741
5512,201,4765
5513,81,4762
5514,70,4765
5515,47,4789
5516,0,4796
5517,0,4811
5518,3,4824
5519,119,4858
5520,175,4835
5521,167,4861
5522,147,4859
5523,95,4849
5524,168,4854
5525,32,4878
5526,38,4905
5527,6,4904
5528,177,4872
5529,97,4842
5530,242,4801
5531,210,4821
5532,5,4839
5533,208,4775
5534,97,4690
5535,42,4644
5536,23,4690
5537,99,4767
5538,179,4803
5539,116,4832
5540,43,4815
5541,226,4826
5542,132,4821
5543,227,4827
5544,315,4843
5545,151,4820
5546,5,4776
5547,265,4771
5548,374,4766
5549,337,4749
5550,178,4760
5551,460,4801
5552,220,4865
5553,253,4902
5554,538,4930
5555,70,5005
5556,82,5011
5557,679,5018
5558,146,5046
5559,202,5064
5560,632,5048
5561,579,5055
5562,11,5038
5563,268,5007
5564,177,4946
5565,66,4915
5566,298,4869
5567,420,4832
5568,123,4854
5569,64,4879
5570,249,4902
5571,276,4953
5572,535,5023
5573,363,5074
5574,64,5107
5575,485,5155
5576,391,5144
5577,39,5153
5578,420,5126
5579,275,5138
5580,53,5125
5581,335,5086
5582,57,5009
5583,139,4992
5584,226,4972
5585,215,4963
5586,100,4952
5587,171,4948
5588,136,4993
5589,70,4990
5590,227,5022
5591,171,5051
5592,0,5117
5593,79,5130
5594,68,5160
5595,47,5114
5596,90,5107
5597,46,5072
5598,32,5048
5599,89,5017
5600,115,5006
5601,27,5009
5602,78,4960
5603,72,4935
5604,0,4938
5605,97,4929
5606,121,4977
5607,38,4978
5608,118,5002
5609,34,5051
5610,11,5047
5611,96,5071
5612,127,5084
5613,16,5068
5614,186,5063
5615,81,5063
5616,0,5080
5617,35,5057
5618,109,5050
5619,27,5058
5620,209,5011
5621,126,5049
5622,179,5031
5623,172,5020
5624,20,5025
5625,5,5022
5626,183,5036
5627,235,5030
5628,33,5039
5629,85,5060
5630,120,5066
5631,42,5068
5632,243,5035
5633,206,5065
5634,0,5077
5635,37,5110
5636,151,5103
5637,0,5111
5638,149,5084
5639,95,5067
5640,0,5062
5641,150,5058
5642,193,5037
5643,1,5022
5644,148,5031
5645,159,4979
5646,0,4979
5647,60,4993
5648,125,5020
5649,0,5021
5650,56,5033
5651,38,5045
5652,0,5039
5653,10,5031
5654,4,5019
5655,0,5020
5656,59,5003
5657,72,4992
5658,4,4984
5659,4,4968
5660,21,4964
5661,0,4974
5662,25,4972
5663,61,4971
5664,1,4971
5665,11,4982
5666,104,4976
5667,0,4985
5668,2,5001
5669,0,4986
5670,11,4942
5671,45,4934
5672,2,4939
5673,0,4934
5674,0,4948
5675,0,4936
5676,0,4953
5677,0,4943
5678,0,4944
5679,0,4945
5680,1,4948
5681,0,4951
5682,0,4957
5683,0,4972
5684,4,4998
5685,0,5004
5686,10,5012
5687,0,5006
5688,0,5006
5689,0,5008
5690,0,5004
5691,0,5003
5692,0,5025
5693,7,5053
5694,0,5044
5695,6,5013
5696,0,5020
5697,0,5020
5698,0,5011
5699,0,5007
5700,0,5013
5701,0,5021
5702,0,5024
5703,0,5026
5704,0,5039
5705,0,5039
5706,0,5041
5707,0,5040
5708,0,5048
5709,0,5041
5710,0,5041
5711,0,5054
5712,2,5045
5713,0,5043
5714,0,5046
5715,0,5045
5716,0,5045
5717,0,5044
5718,0,5036
5719,0,5044
5720,57,5066
5721,0,5076
5722,0,5060
5723,0,5059
5724,0,5063
5725,0,5064
5726,0,5064
5727,0,5062
5728,0,5056
5729,0,5064
5730,0,5057
5731,0,5061
5732,0,5068
5733,0,5072
5734,0,5080
5735,0,5070
5736,1,5081
5737,0,5091
